episode,worker_id,total_steps,global_reward,avg_speed,avg_waiting_time,throughput,loss,epsilon,duration_s,had_obstacle,obstacle_edges,obstacle_count,vehicles_teleported,learning_rate
1,0,360,-142.9547,34.28,3.68,783,0.003743,1.0,32.0,0,,0,0,2e-06
2,3,360,-132.8495,21.92,3.04,681,0.003743,0.1,60.2,1,"EXT_N_N03_in,SRC_HN_N05",2,0,4e-06
3,3,360,-126.1513,19.36,6.55,645,0.004859,0.1,31.2,1,"EXT_N_N01_in,EXT_W_N01_in",2,0,6e-06
4,2,360,-283.3183,18.27,7.5,2386,0.005886,0.4,225.4,0,,0,0,8e-06
5,1,360,-299.483,15.14,4.75,2389,0.004275,0.7,231.5,0,,0,0,1e-05
6,0,360,-428.946,14.4,3.93,1996,0.00409,1.0,212.7,1,"SRC_THD_N08,SRC_HTM_E_N02,EXT_E_N06_in",3,0,1.2e-05
7,3,360,-319.858,14.47,2.09,2506,0.003508,0.1,233.0,0,,0,0,1.4e-05
8,3,360,-170.4793,18.49,3.67,716,0.005077,0.1,78.9,1,"SRC_HTM_W_N01,SRC_NCT_S_N04,SRC_NH_N05",3,0,1.6e-05
9,1,360,-245.7813,21.74,1.33,2474,0.004412,0.7,218.5,1,EXT_E_N03_in,1,0,1.8e-05
10,2,360,-332.8055,12.17,3.71,2378,0.004426,0.4,252.3,0,,0,0,2e-05
11,0,360,-382.1245,12.0,4.77,2331,0.004507,1.0,282.7,1,EXT_W_N07_in,1,0,2.2e-05
12,3,360,-193.2298,13.18,3.4,2385,0.006845,0.1,321.2,0,,0,0,2.4e-05
13,1,360,-281.7483,14.57,3.57,2415,0.004378,0.7,309.5,0,,0,0,2.6e-05
14,2,360,-260.3464,14.74,3.38,2285,0.003768,0.4,308.2,0,,0,0,2.8e-05
15,1,360,-123.7945,45.62,1.65,778,0.004108,0.7,51.5,0,,0,0,3e-05
16,0,360,-362.1812,18.61,2.94,2587,0.005142,1.0,293.9,0,,0,0,3.2e-05
17,3,360,-206.5916,12.63,3.3,2242,0.00378,0.1,315.4,0,,0,0,3.4e-05
18,2,360,-258.522,15.52,3.61,2330,0.004049,0.4,303.1,0,,0,0,3.6e-05
19,0,360,-325.5516,17.82,3.21,2529,0.004596,1.0,296.3,0,,0,0,3.8e-05
20,3,360,-132.267,23.27,1.68,724,0.003454,0.1,67.1,1,"EXT_S_N07_in,SRC_THD_N08",2,0,4e-05
21,1,360,-264.4286,12.33,4.69,2490,0.003433,0.7,318.3,0,,0,0,4.2e-05
22,0,360,-140.9567,35.53,1.29,783,0.008186,1.0,56.3,0,,0,0,4.4e-05
23,0,360,-148.4989,30.85,4.29,783,0.006917,1.0,52.6,0,,0,0,4.6e-05
24,2,360,-248.6212,12.19,2.95,2421,0.003753,0.4,378.1,0,,0,0,4.8e-05
25,3,360,-198.4057,12.87,3.78,2394,0.003125,0.1,366.8,0,,0,0,5e-05
26,1,360,-256.5036,17.73,3.31,2533,0.00253,0.7,358.5,0,,0,0,5.2e-05
27,2,360,-129.3723,33.61,2.28,763,0.003723,0.4,44.7,0,,0,0,5.4e-05
28,3,360,-138.0177,26.56,6.33,767,0.006666,0.1,60.0,0,,0,0,5.6e-05
29,0,360,-320.1005,17.04,3.0,2547,0.008974,1.0,349.9,1,SRC_NH_N05,1,0,5.8e-05
30,0,360,-155.5939,42.5,1.44,783,0.003665,1.0,52.5,1,SRC_HN_N05,1,0,6e-05
31,0,360,-157.2493,40.71,1.2,783,0.004241,1.0,48.1,0,,0,0,6.2e-05
32,0,360,-164.9001,38.49,1.1,785,0.003081,1.0,51.0,0,,0,0,6.4e-05
33,1,360,-239.6622,15.28,4.71,2328,0.004441,0.7,315.3,1,"SRC_HN_N04,SRC_NCT_S_N04,EXT_W_N04_in",3,0,6.6e-05
34,2,360,-255.8263,14.54,3.06,2438,0.009163,0.4,346.2,0,,0,0,6.8e-05
35,3,360,-220.5809,12.38,4.04,2232,0.002791,0.1,330.8,0,,0,0,7e-05
36,2,360,-137.4916,33.2,0.98,774,0.003349,0.4,52.7,0,,0,0,7.2e-05
37,0,360,-329.3898,13.7,6.38,2527,0.003338,1.0,295.6,0,,0,0,7.4e-05
38,0,360,-139.752,46.97,0.59,785,0.004381,1.0,57.8,0,,0,0,7.6e-05
39,1,360,-292.871,16.29,3.17,2413,0.003475,0.7,312.0,0,,0,0,7.8e-05
40,2,360,-214.1173,15.85,3.04,2044,0.002928,0.4,278.8,1,EXT_S_N08_in,1,0,8e-05
41,3,360,-210.6083,11.21,5.96,2243,0.003302,0.1,324.9,0,,0,0,8.2e-05
42,3,360,-125.0777,32.92,1.23,764,0.00457,0.1,61.5,0,,0,0,8.4e-05
43,0,360,-337.0066,15.63,4.93,2434,0.00371,1.0,253.7,1,EXT_E_N03_in,1,0,8.6e-05
44,1,360,-249.1425,15.13,3.0,2369,0.003953,0.7,256.0,1,EXT_N_N03_in,1,0,8.8e-05
45,1,360,-130.5811,35.12,4.21,776,0.004247,0.7,51.6,1,SRC_NH_N06,1,0,9e-05
46,2,360,-223.3026,13.12,4.6,2398,0.003936,0.4,293.8,0,,0,0,9.2e-05
47,3,360,-190.21,15.4,3.12,2427,0.006672,0.1,294.6,0,,0,0,9.4e-05
48,0,360,-299.9964,15.05,4.32,2654,0.004202,1.0,292.8,0,,0,0,9.6e-05
49,0,360,-163.4829,40.73,1.49,779,0.005966,1.0,52.1,0,,0,0,9.8e-05
50,1,360,-231.5432,17.02,3.13,2501,0.005911,0.7,296.1,0,,0,0,0.0001
51,1,360,-124.3884,36.71,1.08,786,0.003332,0.7,54.9,0,,0,0,0.0001
52,2,360,-214.6547,14.3,4.25,2473,0.004669,0.4,299.9,0,,0,0,0.0001
53,3,360,-200.9302,15.21,2.04,2393,0.003527,0.1,306.7,0,,0,0,0.0001
54,3,360,-121.0355,29.49,1.6,690,0.004543,0.1,65.0,1,"SRC_PH_N06,SRC_LDT_S_N05,EXT_N_N03_in",3,0,0.0001
55,0,360,-317.0017,15.71,4.84,2425,0.003336,1.0,322.2,1,EXT_N_N03_in,1,0,0.0001
56,3,360,-127.3941,25.13,3.64,760,0.004464,0.1,71.6,0,,0,0,0.0001
57,1,360,-258.7287,15.7,3.05,2560,0.004038,0.7,320.3,0,,0,0,9.99e-05
58,2,360,-235.3755,13.91,2.66,2346,0.004684,0.4,315.2,0,,0,0,9.99e-05
59,0,360,-300.4466,14.42,5.59,2585,0.004378,1.0,333.8,0,,0,0,9.99e-05
60,3,360,-181.7894,14.81,2.47,2395,0.010094,0.1,352.4,0,,0,0,9.99e-05
61,3,360,-128.417,24.28,3.75,759,0.00415,0.1,43.9,0,,0,0,9.99e-05
62,1,360,-246.2152,13.9,4.64,2489,0.004524,0.7,305.4,0,,0,0,9.98e-05
63,2,360,-229.4517,14.16,3.77,2439,0.004987,0.4,313.5,0,,0,0,9.98e-05
64,0,360,-308.7489,21.0,3.63,2478,0.004356,1.0,257.6,0,,0,0,9.98e-05
65,1,360,-293.6692,17.21,3.93,2400,0.003967,0.7,284.3,0,,0,0,9.97e-05
66,3,360,-186.299,13.59,2.35,2435,0.004859,0.1,299.2,0,,0,0,9.97e-05
67,2,360,-248.2288,14.51,4.1,2319,0.004945,0.4,294.4,0,,0,0,9.96e-05
68,3,360,-430.7934,33.38,1.59,682,0.005069,0.1,41.0,1,"SRC_HN_N05,EXT_E_N03_in,SRC_HTM_W_N01",3,0,9.96e-05
69,0,360,-302.2851,15.77,4.16,2580,0.010794,1.0,173.4,0,,0,0,9.96e-05
70,1,360,-270.4565,16.59,3.25,2383,0.005953,0.7,96.2,0,,0,0,9.95e-05
71,2,360,-874.8084,8.89,11.09,1916,0.004758,0.4,79.1,1,"SRC_NH_N06,EXT_S_N08_in",2,0,9.95e-05
72,1,360,-175.4506,22.96,3.03,716,0.010824,0.7,16.1,1,"SRC_THD_N08,SRC_HTM_E_N02",2,0,9.94e-05
73,3,360,-220.7125,10.37,5.8,1822,0.004279,0.1,59.3,1,"EXT_N_N03_in,EXT_S_N07_in,EXT_E_N06_in",3,0,9.94e-05
74,3,360,-97.5143,35.47,1.61,668,0.013412,0.1,11.8,1,EXT_E_N03_in,1,0,9.93e-05
75,0,360,-657.6919,10.87,7.26,2156,0.007105,1.0,64.8,1,"SRC_HTM_W_N01,SRC_HTM_E_N03",2,0,9.92e-05
76,2,360,-212.1605,15.85,2.97,2376,0.00929,0.4,61.4,1,"EXT_S_N07_in,SRC_LDT_S_N08",2,0,9.92e-05
77,3,360,-228.0285,11.39,4.06,2257,0.006153,0.1,62.9,0,,0,0,9.91e-05
78,1,360,-1492.5069,8.23,56.53,1923,0.027924,0.7,87.4,1,"SRC_NH_N06,SRC_PH_N06,SRC_HTM_E_N02",3,0,9.9e-05
79,0,360,-300.9833,15.45,3.64,2562,0.007926,1.0,58.9,0,,0,0,9.9e-05
80,1,360,-103.0383,36.94,0.42,720,0.008647,0.7,12.2,1,"EXT_W_N07_in,EXT_N_N01_in,SRC_NCT_N_N04",3,0,9.89e-05
81,2,360,-284.681,12.51,3.45,2430,0.005899,0.4,64.4,0,,0,0,9.88e-05
82,3,360,-338.9779,14.55,4.39,2110,0.009959,0.1,60.3,1,"SRC_HTM_E_N03,EXT_W_N04_in",2,0,9.88e-05
83,3,360,-133.9025,19.85,6.95,759,0.027866,0.1,14.9,0,,0,0,9.87e-05
84,0,360,-355.6133,16.25,5.08,2434,0.009325,1.0,59.1,0,,0,0,9.86e-05
85,1,360,-259.967,15.38,4.26,2563,0.006509,0.7,62.3,0,,0,0,9.85e-05
86,2,360,-247.4091,15.03,3.13,2339,0.016569,0.4,62.7,0,,0,0,9.84e-05
87,2,360,-129.9664,40.19,1.52,782,0.010349,0.4,13.6,0,,0,0,9.83e-05
88,3,360,-206.3943,15.15,2.49,2403,0.012508,0.1,64.2,0,,0,0,9.83e-05
89,0,360,-666.2652,10.84,12.41,2280,0.015685,1.0,68.3,1,"SRC_HN_N04,EXT_N_N01_in,SRC_NH_N06",3,0,9.82e-05
90,1,360,-304.478,16.02,4.2,2401,0.009675,0.7,61.0,0,,0,0,9.81e-05
91,0,360,-146.3412,47.61,0.74,786,0.010678,1.0,12.8,0,,0,0,9.8e-05
92,1,360,-117.4612,39.87,0.93,783,0.008235,0.7,12.7,0,,0,0,9.79e-05
93,2,360,-820.7528,6.93,19.22,2195,0.007818,0.4,80.7,1,"SRC_NH_N06,SRC_NCT_S_N07",2,0,9.78e-05
94,3,360,-194.5968,14.67,2.22,2375,0.024041,0.1,64.6,0,,0,0,9.77e-05
95,0,360,-310.8062,18.88,4.51,2641,0.010771,1.0,62.3,0,,0,0,9.76e-05
96,1,360,-232.5332,18.06,3.26,2627,0.016896,0.7,63.1,0,,0,0,9.74e-05
97,2,360,-272.2308,15.87,3.27,2324,0.013715,0.4,58.4,1,EXT_E_N03_in,1,0,9.73e-05
98,3,360,-305.5645,11.97,5.48,2089,0.006511,0.1,57.9,1,"SRC_THD_N07,EXT_W_N01_in",2,0,9.72e-05
99,2,360,-110.6234,36.11,3.51,777,0.021312,0.4,13.0,0,,0,0,9.71e-05
100,0,360,-725.7543,8.01,14.77,2036,0.00866,1.0,66.9,1,"EXT_N_N03_in,SRC_PH_N03,EXT_S_N08_in",3,0,9.7e-05
101,1,360,-255.876,16.35,2.5,2484,0.010341,0.7,64.7,0,,0,0,9.69e-05
102,3,360,-236.7456,11.2,4.18,2227,0.009563,0.1,63.7,1,SRC_HN_N04,1,0,9.67e-05
103,2,360,-210.9581,16.59,2.28,2431,0.010133,0.4,60.3,1,EXT_E_N03_in,1,0,9.66e-05
104,2,360,-131.9514,39.27,1.47,773,0.011464,0.4,13.3,0,,0,0,9.65e-05
105,1,360,-284.1935,16.69,2.79,2455,0.008784,0.7,58.8,0,,0,0,9.64e-05
106,0,360,-611.4199,14.53,4.14,2056,0.007659,1.0,68.0,1,"SRC_NCT_N_N04,EXT_N_N03_in,SRC_THD_N08",3,0,9.62e-05
107,3,360,-228.369,9.62,7.17,2241,0.021969,0.1,65.0,0,,0,0,9.61e-05
108,1,360,-583.538,16.4,3.87,2240,0.006619,0.7,51.8,1,"SRC_NH_N05,EXT_W_N01_in",2,0,9.6e-05
109,2,360,-266.2134,15.06,2.98,2287,0.010833,0.4,63.1,0,,0,0,9.58e-05
110,1,360,-137.2094,37.3,1.97,785,0.010397,0.7,12.8,0,,0,0,9.57e-05
111,0,360,-324.1156,15.2,4.46,2178,0.030945,1.0,57.7,1,"EXT_W_N07_in,EXT_N_N01_in",2,0,9.55e-05
112,2,360,-117.1665,31.35,0.19,777,0.034213,0.4,13.6,1,SRC_LDT_S_N08,1,0,9.54e-05
113,0,360,-173.8376,36.42,3.24,783,0.00762,1.0,12.7,0,,0,0,9.52e-05
114,3,360,-212.6006,14.38,2.54,2374,0.011007,0.1,62.4,0,,0,0,9.51e-05
115,1,360,-290.8384,19.14,3.05,2429,0.032454,0.7,59.7,0,,0,0,9.49e-05
116,1,360,-119.9466,32.64,0.58,781,0.010112,0.7,12.6,0,,0,0,9.48e-05
117,2,360,-259.6623,15.72,2.77,2325,0.025852,0.4,62.9,0,,0,0,9.46e-05
118,2,360,-115.4595,35.64,2.86,780,0.02366,0.4,13.3,0,,0,0,9.45e-05
119,0,360,-998.6799,7.67,15.7,2315,0.010472,1.0,82.2,1,"SRC_NCT_S_N04,SRC_PH_N03,SRC_LDT_N_N05",3,0,9.43e-05
120,3,360,-351.0565,10.91,4.05,2209,0.015727,0.1,65.9,1,SRC_HTM_E_N02,1,0,9.41e-05
121,1,360,-455.1037,12.71,5.83,2262,0.024579,0.7,64.7,1,"SRC_HTM_E_N02,SRC_THD_N07",2,0,9.4e-05
122,1,360,-154.9071,28.21,7.93,632,0.011262,0.7,12.1,1,"EXT_W_N01_in,SRC_PH_N03,EXT_S_N07_in",3,0,9.38e-05
123,2,360,-244.8599,15.53,2.49,2436,0.023051,0.4,63.9,0,,0,0,9.36e-05
124,3,360,-226.3407,17.85,2.13,1895,0.010591,0.1,45.0,1,"SRC_LDT_N_N02,EXT_S_N07_in,EXT_W_N01_in",3,0,9.35e-05
125,0,360,-322.0874,17.21,3.34,2472,0.009447,1.0,63.1,0,,0,0,9.33e-05
126,2,360,-114.535,49.36,0.35,784,0.014633,0.4,12.9,0,,0,0,9.31e-05
127,1,360,-406.1947,12.56,4.55,2163,0.012418,0.7,66.7,1,"SRC_LDT_S_N05,SRC_NCT_S_N07",2,0,9.29e-05
128,0,360,-295.5561,16.56,3.02,2638,0.029928,1.0,64.5,0,,0,0,9.28e-05
129,3,360,-365.8456,9.53,3.63,2143,0.011568,0.1,73.5,1,"SRC_LDT_N_N02,SRC_LDT_S_N05,SRC_LDT_S_N08",3,0,9.26e-05
130,2,360,-238.6705,15.98,2.24,2318,0.022711,0.4,62.2,0,,0,0,9.24e-05
131,1,360,-272.7445,14.95,3.5,2418,0.010875,0.7,62.3,0,,0,0,9.22e-05
132,2,360,-211.7827,15.98,3.63,2192,0.010211,0.4,56.3,1,EXT_S_N08_in,1,0,9.2e-05
133,0,360,-305.8741,17.34,4.38,2686,0.008576,1.0,63.2,0,,0,0,9.18e-05
134,3,360,-213.6727,15.87,3.96,2415,0.042537,0.1,62.2,0,,0,0,9.16e-05
135,2,360,-115.3673,38.82,0.85,733,0.034792,0.4,13.3,1,"SRC_HN_N04,EXT_S_N07_in,SRC_HTM_W_N02",3,0,9.15e-05
136,3,360,-150.3803,30.17,6.41,755,0.042277,0.1,15.2,1,"SRC_PH_N03,SRC_PH_N06",2,0,9.13e-05
137,3,360,-128.7695,27.08,3.62,755,0.00968,0.1,14.5,0,,0,0,9.11e-05
138,1,360,-295.233,14.27,3.05,2432,0.009547,0.7,60.1,0,,0,0,9.09e-05
139,0,360,-325.3077,15.61,4.71,2568,0.013406,1.0,61.7,0,,0,0,9.07e-05
140,0,360,-155.3231,40.15,2.51,744,0.014426,1.0,13.5,1,"EXT_W_N07_in,SRC_NCT_S_N07,SRC_LDT_N_N02",3,0,9.05e-05
141,2,360,-321.7676,11.21,4.08,2426,0.02296,0.4,67.2,1,SRC_NCT_S_N07,1,0,9.02e-05
142,2,360,-119.5367,38.4,1.53,786,0.015954,0.4,13.1,0,,0,0,9e-05
143,3,360,-204.7208,14.25,2.93,2250,0.009328,0.1,62.2,1,EXT_W_N07_in,1,0,8.98e-05
144,1,360,-266.614,16.27,4.06,2520,0.0162,0.7,64.0,0,,0,0,8.96e-05
145,0,360,-313.6632,15.64,5.5,2600,0.013,1.0,61.3,0,,0,0,8.94e-05
146,0,360,-199.5173,19.15,3.28,708,0.040574,1.0,14.1,1,"SRC_HTM_W_N01,EXT_S_N07_in",2,0,8.92e-05
147,2,360,-240.3884,12.23,4.04,2286,0.016532,0.4,63.1,0,,0,0,8.9e-05
148,0,360,-161.3807,40.92,1.42,781,0.024922,1.0,12.7,0,,0,0,8.87e-05
149,3,360,-600.4468,10.05,4.79,2064,0.016132,0.1,74.1,1,"SRC_NH_N05,SRC_HN_N05,EXT_S_N07_in",3,0,8.85e-05
150,0,360,-192.2554,37.69,1.13,763,0.010437,1.0,14.0,1,"SRC_HN_N05,SRC_LDT_S_N05",2,0,8.83e-05
151,1,360,-253.0341,14.71,4.05,2502,0.033436,0.7,62.2,0,,0,0,8.81e-05
152,2,360,-226.2123,14.34,2.16,2460,0.033698,0.4,63.8,0,,0,0,8.78e-05
153,2,360,-123.3037,35.57,2.43,780,0.026893,0.4,13.5,0,,0,0,8.76e-05
154,3,360,-217.8336,13.97,3.02,2443,0.040988,0.1,63.9,0,,0,0,8.74e-05
155,0,360,-306.3361,19.87,3.45,2685,0.010217,1.0,60.1,0,,0,0,8.72e-05
156,1,360,-266.3598,14.32,3.74,2161,0.008016,0.7,60.3,1,"SRC_HN_N05,EXT_S_N07_in,EXT_W_N04_in",3,0,8.69e-05
157,2,360,-241.6277,14.64,4.36,2322,0.01126,0.4,62.3,0,,0,0,8.67e-05
158,3,360,-214.1207,12.78,4.37,2429,0.015902,0.1,61.9,0,,0,0,8.64e-05
159,0,360,-314.5065,17.45,3.41,2541,0.008038,1.0,59.5,0,,0,0,8.62e-05
160,1,360,-250.5271,17.39,2.78,2533,0.008046,0.7,62.9,0,,0,0,8.6e-05
161,2,360,-108.1376,39.21,3.64,782,0.042709,0.4,12.8,0,,0,0,8.57e-05
162,3,360,-128.4879,22.12,7.24,758,0.008753,0.1,14.5,1,SRC_LDT_N_N02,1,0,8.55e-05
163,2,360,-118.3135,37.92,0.63,772,0.040331,0.4,13.0,0,,0,0,8.52e-05
164,3,360,-122.6325,29.54,2.02,770,0.010804,0.1,14.0,0,,0,0,8.5e-05
165,0,360,-315.6644,13.23,6.19,2571,0.026943,1.0,59.1,0,,0,0,8.47e-05
166,1,360,-274.2886,14.54,3.15,2561,0.028198,0.7,61.8,0,,0,0,8.45e-05
167,0,360,-161.4317,42.48,1.89,780,0.018832,1.0,12.6,0,,0,0,8.42e-05
168,2,360,-219.2054,19.11,1.95,2475,0.015557,0.4,63.0,0,,0,0,8.4e-05
169,0,360,-152.1715,34.31,6.2,780,0.02058,1.0,12.6,0,,0,0,8.37e-05
170,3,360,-210.4717,12.19,2.94,2205,0.008784,0.1,61.8,1,EXT_W_N07_in,1,0,8.35e-05
171,1,360,-252.1452,18.77,2.3,2503,0.021895,0.7,59.4,0,,0,0,8.32e-05
172,0,360,-321.79,16.5,5.48,2703,0.012416,1.0,60.1,0,,0,0,8.29e-05
173,3,360,-213.6314,14.92,3.28,2436,0.014345,0.1,63.2,0,,0,0,8.27e-05
174,2,360,-268.164,14.22,3.24,2310,0.010245,0.4,66.1,0,,0,0,8.24e-05
175,2,360,-128.1601,28.39,4.98,770,0.013419,0.4,13.3,0,,0,0,8.21e-05
176,1,360,-254.4441,18.61,6.08,2536,0.026499,0.7,62.7,0,,0,0,8.19e-05
177,1,360,-110.4129,42.21,0.33,785,0.018766,0.7,12.7,0,,0,0,8.16e-05
178,0,360,-327.5983,13.58,6.02,2623,0.013061,1.0,61.5,0,,0,0,8.13e-05
179,3,360,-631.8382,9.21,4.45,1735,0.022125,0.1,59.1,1,"EXT_S_N08_in,SRC_LDT_N_N05,EXT_E_N03_in",3,0,8.11e-05
180,0,360,-149.9924,48.58,0.5,786,0.021651,1.0,12.6,0,,0,0,8.08e-05
181,2,360,-375.645,8.77,4.08,2043,0.055183,0.4,65.5,1,"SRC_HTM_W_N01,SRC_HN_N04,EXT_N_N03_in",3,0,8.05e-05
182,0,360,-148.1238,37.52,2.87,785,0.025704,1.0,12.6,0,,0,0,8.02e-05
183,0,360,-137.0013,38.88,1.07,781,0.018415,1.0,12.5,0,,0,0,8e-05
184,1,360,-269.4056,11.5,5.24,2558,0.00852,0.7,63.6,0,,0,0,7.97e-05
185,3,360,-207.8408,14.03,5.13,2423,0.01093,0.1,62.1,0,,0,0,7.94e-05
186,2,360,-240.8162,11.81,5.56,2368,0.009319,0.4,60.9,0,,0,0,7.91e-05
187,0,360,-327.4685,18.11,3.19,2544,0.031341,1.0,60.4,0,,0,0,7.88e-05
188,0,360,-156.12,40.11,1.14,781,0.026384,1.0,12.7,0,,0,0,7.85e-05
189,1,360,-268.7071,16.96,4.42,2536,0.020613,0.7,62.4,0,,0,0,7.82e-05
190,3,360,-425.5302,14.98,3.62,2160,0.012189,0.1,60.1,1,"SRC_HTM_W_N02,SRC_LDT_N_N02",2,0,7.8e-05
191,3,360,-127.6774,24.1,6.37,759,0.012941,0.1,14.3,0,,0,0,7.77e-05
192,2,360,-225.0054,16.19,3.45,2229,0.018943,0.4,56.6,1,"EXT_W_N04_in,EXT_N_N02_in",2,0,7.74e-05
193,2,360,-118.3384,35.03,0.98,780,0.028459,0.4,13.1,0,,0,0,7.71e-05
194,2,360,-134.5085,39.78,0.6,772,0.01844,0.4,13.4,1,SRC_THD_N07,1,0,7.68e-05
195,0,360,-305.2239,16.52,3.6,2535,0.010464,1.0,64.1,0,,0,0,7.65e-05
196,1,360,-264.3074,18.6,2.77,2409,0.02766,0.7,58.4,0,,0,0,7.62e-05
197,0,360,-161.7388,38.01,2.48,694,0.021461,1.0,11.9,1,"SRC_HTM_W_N02,EXT_W_N01_in",2,0,7.59e-05
198,3,360,-213.5384,11.0,3.86,2255,0.027205,0.1,62.7,0,,0,0,7.56e-05
199,2,360,-566.504,13.9,12.02,2247,0.011013,0.4,62.5,1,"SRC_HTM_W_N02,SRC_PH_N06",2,0,7.53e-05
200,2,360,-111.5579,40.96,0.47,779,0.020256,0.4,12.9,0,,0,0,7.5e-05
201,1,360,-306.418,16.62,3.47,2534,0.01207,0.7,67.1,0,,0,0,7.47e-05
202,0,360,-307.5648,13.83,8.98,2603,0.014576,1.0,64.1,0,,0,0,7.44e-05
203,2,360,-130.4864,29.18,4.92,776,0.015885,0.4,13.1,0,,0,0,7.41e-05
204,3,360,-212.0716,15.04,3.27,2418,0.025295,0.1,61.7,0,,0,0,7.38e-05
205,3,360,-126.3308,21.16,6.06,760,0.019536,0.1,14.5,0,,0,0,7.35e-05
206,1,360,-274.2253,17.21,2.97,2465,0.007844,0.7,60.3,0,,0,0,7.32e-05
207,0,360,-290.4577,18.94,4.47,2602,0.044607,1.0,59.1,0,,0,0,7.29e-05
208,2,360,-232.729,12.14,4.64,2260,0.025505,0.4,62.9,1,EXT_N_N03_in,1,0,7.25e-05
209,1,360,-127.2825,32.92,3.85,785,0.019885,0.7,12.5,0,,0,0,7.22e-05
210,3,360,-223.9287,12.42,3.5,2246,0.013073,0.1,64.6,0,,0,0,7.19e-05
211,0,360,-311.9034,11.72,5.54,2503,0.011495,1.0,62.5,0,,0,0,7.16e-05
212,2,360,-246.4764,15.2,3.38,2254,0.019982,0.4,54.9,1,"EXT_E_N03_in,EXT_S_N07_in",2,0,7.13e-05
213,1,360,-273.2987,16.95,2.58,2555,0.015009,0.7,63.9,0,,0,0,7.1e-05
214,3,360,-230.8071,13.82,4.48,2409,0.018982,0.1,64.0,0,,0,0,7.07e-05
215,0,360,-340.0115,18.43,3.18,2548,0.017167,1.0,60.1,0,,0,0,7.03e-05
216,2,360,-241.1866,17.32,2.76,2415,0.018382,0.4,58.9,0,,0,0,7e-05
217,1,360,-965.0319,8.6,14.08,2336,0.01012,0.7,74.4,1,"SRC_HN_N05,EXT_N_N01_in",2,0,6.97e-05
218,3,360,-215.8511,15.78,3.51,2393,0.00913,0.1,63.1,0,,0,0,6.94e-05
219,3,360,-123.6107,23.53,2.92,764,0.034182,0.1,14.3,0,,0,0,6.91e-05
220,0,360,-321.5329,15.18,3.83,2504,0.013351,1.0,59.4,0,,0,0,6.87e-05
221,2,360,-237.3471,14.1,3.27,2333,0.014392,0.4,65.5,0,,0,0,6.84e-05
222,1,360,-292.2458,14.36,4.42,2455,0.022826,0.7,66.1,0,,0,0,6.81e-05
223,0,360,-415.5479,14.54,5.4,2174,0.026123,1.0,55.9,1,"SRC_HTM_E_N02,EXT_N_N01_in",2,0,6.78e-05
224,3,360,-707.5494,9.74,9.97,2005,0.023567,0.1,72.7,1,"SRC_HN_N05,EXT_E_N06_in",2,0,6.74e-05
225,2,360,-268.8625,14.52,3.45,2224,0.028219,0.4,61.9,1,SRC_HTM_E_N03,1,0,6.71e-05
226,1,360,-287.8595,16.49,5.54,2453,0.012045,0.7,59.4,1,"SRC_LDT_S_N08,SRC_HN_N04,EXT_W_N07_in",3,0,6.68e-05
227,0,360,-349.7619,19.43,2.17,2449,0.015157,1.0,60.6,0,,0,0,6.64e-05
228,3,360,-212.8864,11.26,3.86,2209,0.017123,0.1,62.4,1,EXT_S_N07_in,1,0,6.61e-05
229,2,360,-253.7474,16.39,2.65,2341,0.011803,0.4,60.7,0,,0,0,6.58e-05
230,2,360,-112.5937,34.51,0.64,780,0.013899,0.4,12.8,0,,0,0,6.55e-05
231,2,360,-114.7415,33.9,1.33,781,0.023447,0.4,13.0,0,,0,0,6.51e-05
232,1,360,-285.0991,12.76,3.78,2388,0.042772,0.7,63.7,0,,0,0,6.48e-05
233,0,360,-355.0594,17.39,3.54,2459,0.010109,1.0,60.6,0,,0,0,6.45e-05
234,3,360,-309.4853,11.62,3.04,2168,0.01679,0.1,74.4,1,"SRC_THD_N08,SRC_NH_N05",2,0,6.41e-05
235,2,360,-238.21,16.84,2.53,2462,0.027431,0.4,63.5,0,,0,0,6.38e-05
236,1,360,-311.2602,12.19,3.31,2479,0.024013,0.7,65.6,0,,0,0,6.34e-05
237,1,360,-145.9833,34.73,1.63,716,0.013167,0.7,13.3,1,"SRC_NH_N06,EXT_E_N06_in,SRC_LDT_N_N02",3,0,6.31e-05
238,0,360,-336.0837,19.24,3.39,2609,0.017203,1.0,64.8,0,,0,0,6.28e-05
239,3,360,-217.1167,10.57,4.78,2254,0.015442,0.1,64.0,0,,0,0,6.24e-05
240,2,360,-267.7973,14.36,4.47,2329,0.016021,0.4,62.7,0,,0,0,6.21e-05
241,2,360,-105.3313,42.51,1.08,775,0.012762,0.4,13.0,0,,0,0,6.18e-05
242,1,360,-287.6581,19.59,2.82,2436,0.012319,0.7,60.8,0,,0,0,6.14e-05
243,0,360,-352.1181,17.45,3.42,2560,0.022249,1.0,59.5,0,,0,0,6.11e-05
244,0,360,-148.577,31.34,4.24,783,0.018194,1.0,12.5,0,,0,0,6.07e-05
245,0,360,-154.871,43.23,1.09,779,0.021317,1.0,12.8,0,,0,0,6.04e-05
246,3,360,-286.0915,14.76,6.56,2439,0.020325,0.1,64.5,0,,0,0,6.01e-05
247,0,360,-154.4506,35.63,2.91,780,0.013278,1.0,12.5,0,,0,0,5.97e-05
248,2,360,-246.3239,12.57,3.47,2284,0.013029,0.4,60.2,0,,0,0,5.94e-05
249,1,360,-265.9735,14.11,6.24,2443,0.009838,0.7,61.3,0,,0,0,5.9e-05
250,1,360,-135.7843,33.89,1.83,715,0.008869,0.7,13.3,1,"EXT_E_N06_in,SRC_PH_N03,SRC_LDT_S_N08",3,0,5.87e-05
251,3,360,-414.1385,17.6,1.55,2078,0.012555,0.1,49.9,1,"SRC_HTM_W_N02,EXT_W_N07_in,EXT_E_N03_in",3,0,5.83e-05
252,1,360,-136.9798,31.62,1.96,776,0.015902,0.7,12.8,0,,0,0,5.8e-05
253,1,360,-109.8645,38.39,0.28,785,0.036589,0.7,12.4,0,,0,0,5.76e-05
254,1,360,-123.8915,41.36,2.02,784,0.010051,0.7,12.7,0,,0,0,5.73e-05
255,0,360,-1477.4896,9.56,95.27,1957,0.012215,1.0,71.7,1,"SRC_HTM_W_N01,EXT_S_N08_in,SRC_NCT_N_N01",3,0,5.7e-05
256,2,360,-237.3938,19.37,2.14,2469,0.019591,0.4,62.6,0,,0,0,5.66e-05
257,1,360,-132.9978,46.62,0.45,782,0.020669,0.7,13.0,0,,0,0,5.63e-05
258,0,360,-354.8593,15.68,4.08,2477,0.01529,1.0,60.5,1,EXT_S_N07_in,1,0,5.59e-05
259,3,360,-1802.4939,6.8,19.66,1773,0.011197,0.1,93.3,1,"SRC_NH_N06,SRC_HTM_E_N02,SRC_PH_N03",3,0,5.56e-05
260,2,360,-261.2491,12.86,4.27,2456,0.01447,0.4,66.9,0,,0,0,5.52e-05
261,1,360,-1009.393,7.47,13.91,1978,0.014064,0.7,75.5,1,"SRC_HN_N05,EXT_E_N06_in",2,0,5.49e-05
262,2,360,-121.7996,35.33,4.08,775,0.017639,0.4,13.4,0,,0,0,5.45e-05
263,1,360,-117.4268,32.1,3.44,788,0.03001,0.7,12.6,0,,0,0,5.42e-05
264,1,360,-115.6416,46.78,1.1,783,0.015451,0.7,12.7,0,,0,0,5.38e-05
265,0,360,-312.5154,19.07,3.55,2622,0.020877,1.0,59.2,0,,0,0,5.35e-05
266,3,360,-240.405,11.64,4.65,2227,0.036702,0.1,65.7,0,,0,0,5.31e-05
267,2,360,-249.9092,13.32,3.51,2336,0.017688,0.4,63.4,0,,0,0,5.28e-05
268,2,360,-114.7918,44.92,0.35,781,0.017515,0.4,13.2,0,,0,0,5.24e-05
269,1,360,-269.84,16.55,3.06,2451,0.01647,0.7,62.1,0,,0,0,5.21e-05
270,2,360,-128.0442,29.68,5.64,763,0.014813,0.4,13.6,0,,0,0,5.17e-05
271,0,360,-332.5416,14.24,6.35,2538,0.015987,1.0,63.5,0,,0,0,5.14e-05
272,1,360,-129.4203,41.07,1.15,649,0.014251,0.7,11.7,1,"EXT_W_N01_in,SRC_LDT_S_N08",2,0,5.1e-05
273,3,360,-235.753,15.07,4.87,2441,0.014044,0.1,64.5,0,,0,0,5.07e-05
274,3,360,-122.527,28.49,3.39,768,0.017097,0.1,14.5,0,,0,0,5.03e-05
275,2,360,-263.2775,14.7,3.07,2438,0.055917,0.4,66.7,0,,0,0,5e-05
276,0,360,-321.478,17.38,3.41,2599,0.010934,1.0,62.2,0,,0,0,4.97e-05
277,1,360,-272.0796,14.69,3.39,2489,0.014135,0.7,64.1,0,,0,0,4.93e-05
278,0,360,-136.9276,40.41,0.35,784,0.036085,1.0,12.5,0,,0,0,4.9e-05
279,3,360,-235.3134,10.72,4.57,2162,0.018229,0.1,64.6,1,SRC_LDT_S_N05,1,0,4.86e-05
280,2,360,-248.4416,15.9,3.72,2446,0.030092,0.4,62.8,0,,0,0,4.83e-05
281,1,360,-682.7231,11.16,5.06,2170,0.016046,0.7,69.9,1,"SRC_LDT_S_N08,EXT_S_N08_in",2,0,4.79e-05
282,0,360,-338.9805,20.52,2.62,2500,0.022145,1.0,61.3,0,,0,0,4.76e-05
283,3,360,-215.2909,14.38,3.6,2375,0.018738,0.1,64.6,0,,0,0,4.72e-05
284,3,360,-128.4533,25.16,3.16,768,0.021235,0.1,14.2,0,,0,0,4.69e-05
285,2,360,-260.9768,13.31,3.5,2450,0.028852,0.4,64.5,0,,0,0,4.65e-05
286,1,360,-271.6711,19.1,2.86,2442,0.015095,0.7,59.9,1,SRC_HN_N04,1,0,4.62e-05
287,0,360,-576.9794,10.59,6.03,2326,0.010298,1.0,63.6,1,SRC_HTM_W_N01,1,0,4.58e-05
288,3,360,-203.4281,14.2,5.45,2409,0.014401,0.1,63.7,0,,0,0,4.55e-05
289,2,360,-254.6618,14.8,3.77,2262,0.023499,0.4,56.6,1,EXT_E_N03_in,1,0,4.51e-05
290,1,360,-259.5509,16.18,3.01,2575,0.014867,0.7,63.6,0,,0,0,4.48e-05
291,0,360,-369.5395,16.38,2.82,2606,0.014699,1.0,66.4,0,,0,0,4.44e-05
292,1,360,-119.9673,40.8,1.5,749,0.01762,0.7,12.8,1,"EXT_W_N04_in,SRC_NCT_S_N07,SRC_NH_N06",3,0,4.41e-05
293,1,360,-115.9522,43.98,0.52,782,0.019016,0.7,12.5,0,,0,0,4.37e-05
294,2,360,-260.1139,10.75,6.56,2328,0.020785,0.4,64.6,0,,0,0,4.34e-05
295,3,360,-1184.2494,5.68,24.01,1847,0.018438,0.1,82.9,1,"SRC_HTM_E_N03,SRC_THD_N08,SRC_HTM_W_N01",3,0,4.3e-05
296,0,360,-349.0593,18.67,4.45,2484,0.018998,1.0,61.6,0,,0,0,4.27e-05
297,3,360,-125.3287,25.1,3.72,755,0.015257,0.1,14.8,0,,0,0,4.24e-05
298,0,360,-156.5682,36.95,0.98,781,0.023421,1.0,12.6,0,,0,0,4.2e-05
299,1,360,-645.7076,9.68,7.3,2095,0.048713,0.7,62.7,1,"SRC_LDT_N_N05,EXT_W_N07_in,EXT_W_N04_in",3,0,4.17e-05
300,2,360,-270.9273,14.07,5.35,2418,0.018053,0.4,63.8,0,,0,0,4.13e-05
301,3,360,-243.1567,14.24,5.22,2409,0.017129,0.1,65.7,0,,0,0,4.1e-05
302,0,360,-334.4452,18.12,3.78,2465,0.014947,1.0,60.1,0,,0,0,4.06e-05
303,1,360,-259.122,16.09,3.85,2515,0.025613,0.7,57.6,0,,0,0,4.03e-05
304,3,360,-129.5315,23.69,6.32,768,0.030148,0.1,14.3,0,,0,0,3.99e-05
305,0,360,-158.8937,43.47,2.14,781,0.021389,1.0,12.7,0,,0,0,3.96e-05
306,0,360,-151.1085,31.94,4.84,781,0.025855,1.0,12.6,0,,0,0,3.93e-05
307,2,360,-253.6895,15.56,2.51,2323,0.019269,0.4,61.1,0,,0,0,3.89e-05
308,1,360,-271.4779,17.57,3.41,2526,0.024586,0.7,62.5,0,,0,0,3.86e-05
309,3,360,-226.839,10.94,4.56,2252,0.030963,0.1,65.2,0,,0,0,3.82e-05
310,0,360,-273.4328,16.32,3.6,2726,0.018923,1.0,61.1,0,,0,0,3.79e-05
311,2,360,-235.7527,15.37,2.87,2424,0.032814,0.4,63.1,0,,0,0,3.76e-05
312,1,360,-277.4971,16.34,2.56,2479,0.01476,0.7,61.5,0,,0,0,3.72e-05
313,3,360,-214.8726,13.77,3.38,2398,0.023795,0.1,64.5,0,,0,0,3.69e-05
314,0,360,-301.5857,15.93,5.62,2612,0.034188,1.0,61.0,0,,0,0,3.66e-05
315,2,360,-227.6493,12.64,3.69,2407,0.023247,0.4,64.1,0,,0,0,3.62e-05
316,0,360,-312.1023,15.3,4.97,2640,0.024222,1.0,71.1,0,,0,0,3.59e-05
317,3,360,-717.6323,10.03,9.38,2237,0.025728,0.1,89.1,1,"SRC_NH_N06,EXT_W_N07_in,SRC_NCT_S_N04",3,0,3.55e-05
318,2,360,-252.7329,17.33,2.68,2311,0.011317,0.4,72.9,1,"EXT_E_N03_in,SRC_NH_N05",2,0,3.52e-05
319,1,360,-1129.1155,8.35,8.73,2222,0.019793,0.7,107.0,1,SRC_PH_N03,1,0,3.49e-05
320,0,360,-322.9933,17.66,4.37,2653,0.024331,1.0,149.6,0,,0,0,3.45e-05
321,1,360,-270.4735,14.39,2.84,2447,0.022577,0.7,147.7,0,,0,0,3.42e-05
322,2,360,-228.7984,16.79,4.77,2437,0.023397,0.4,150.7,0,,0,0,3.39e-05
323,1,360,-111.7481,35.36,2.86,782,0.017644,0.7,24.2,0,,0,0,3.36e-05
324,3,360,-1653.1615,4.63,21.89,2117,0.05677,0.1,230.5,1,"SRC_THD_N08,SRC_NH_N06,SRC_HN_N05",3,0,3.32e-05
325,0,360,-288.7385,12.54,5.29,2367,0.03264,1.0,122.4,1,"EXT_S_N08_in,SRC_NH_N05",2,0,3.29e-05
326,0,360,-160.2108,37.92,2.14,781,0.045369,1.0,34.7,1,"SRC_HN_N05,SRC_NCT_S_N04",2,0,3.26e-05
327,2,360,-238.7316,13.72,3.33,2300,0.025259,0.4,142.8,0,,0,0,3.22e-05
328,1,360,-277.9382,16.58,2.1,2507,0.017239,0.7,145.8,0,,0,0,3.19e-05
329,0,360,-352.3052,13.2,8.75,2440,0.018883,1.0,143.2,0,,0,0,3.16e-05
330,3,360,-599.2673,9.19,6.79,2044,0.026515,0.1,212.3,1,SRC_LDT_N_N05,1,0,3.13e-05
331,2,360,-252.872,13.99,2.78,2446,0.017861,0.4,153.6,0,,0,0,3.09e-05
332,1,360,-309.4191,15.13,4.03,2255,0.013974,0.7,136.2,1,"SRC_HTM_W_N02,SRC_NCT_N_N01",2,0,3.06e-05
333,3,360,-121.335,18.79,7.52,690,0.01221,0.1,28.2,1,"EXT_W_N07_in,EXT_N_N01_in",2,0,3.03e-05
334,0,360,-873.2051,17.75,69.25,698,0.046586,1.0,37.3,1,"SRC_THD_N07,SRC_LDT_S_N05",2,0,3e-05
335,2,360,-320.4959,11.89,6.4,2495,0.018803,0.4,157.5,0,,0,0,2.97e-05
336,3,360,-221.4799,10.39,3.82,2253,0.019731,0.1,152.3,0,,0,0,2.93e-05
337,0,360,-323.9845,15.95,8.09,2564,0.017566,1.0,146.3,0,,0,0,2.9e-05
338,1,360,-391.1904,13.09,2.94,2067,0.024775,0.7,163.2,1,"SRC_LDT_S_N05,SRC_THD_N08",2,0,2.87e-05
339,0,360,-142.4123,38.27,1.34,780,0.009666,1.0,23.5,0,,0,0,2.84e-05
340,2,360,-249.2404,12.28,3.79,2460,0.025519,0.4,158.7,0,,0,0,2.81e-05
341,1,360,-255.1321,16.54,2.92,2592,0.026907,0.7,151.9,0,,0,0,2.78e-05
342,0,360,-530.0194,11.47,5.41,2655,0.016083,1.0,163.4,1,SRC_NH_N06,1,0,2.75e-05
343,3,360,-768.1912,8.44,14.7,2153,0.014836,0.1,188.4,1,"SRC_NCT_N_N04,SRC_HTM_E_N02",2,0,2.71e-05
344,2,360,-278.264,11.99,3.82,2371,0.015624,0.4,147.6,0,,0,0,2.68e-05
345,1,360,-310.2075,15.39,4.44,2542,0.01968,0.7,154.9,0,,0,0,2.65e-05
346,0,360,-333.4993,18.98,3.01,2496,0.034783,1.0,142.7,0,,0,0,2.62e-05
347,3,360,-221.9324,12.33,3.89,2368,0.019591,0.1,154.2,0,,0,0,2.59e-05
348,0,360,-140.4888,36.36,1.8,783,0.018043,1.0,23.9,1,SRC_NH_N06,1,0,2.56e-05
349,2,360,-246.0266,15.34,2.52,2358,0.031341,0.4,145.6,0,,0,0,2.53e-05
350,1,360,-288.3081,14.18,3.75,2440,0.016363,0.7,144.6,0,,0,0,2.5e-05
351,3,360,-210.2993,17.23,3.88,2418,0.030745,0.1,147.3,0,,0,0,2.47e-05
352,2,360,-1530.3768,10.72,110.46,618,0.014497,0.4,53.4,1,"SRC_PH_N03,SRC_HTM_E_N03,SRC_LDT_N_N02",3,0,2.44e-05
353,0,360,-359.2301,13.05,5.33,2512,0.019665,1.0,152.4,0,,0,0,2.41e-05
354,3,360,-125.5479,25.04,6.97,766,0.026061,0.1,28.2,0,,0,0,2.38e-05
355,3,360,-128.8728,27.64,2.2,579,0.020161,0.1,24.5,1,"EXT_N_N03_in,SRC_NCT_N_N01,EXT_W_N01_in",3,0,2.35e-05
356,1,360,-254.8155,13.7,4.26,2514,0.055837,0.7,149.4,0,,0,0,2.32e-05
357,2,360,-285.9188,13.79,3.62,2431,0.018983,0.4,154.9,0,,0,0,2.29e-05
358,0,360,-351.1644,18.53,4.71,2567,0.013911,1.0,145.8,0,,0,0,2.26e-05
359,3,360,-239.1279,11.75,7.0,2228,0.020035,0.1,153.2,0,,0,0,2.23e-05
360,3,360,-129.6043,28.9,1.11,769,0.023705,0.1,28.6,0,,0,0,2.2e-05
361,1,360,-295.305,16.15,3.43,2432,0.020529,0.7,151.7,0,,0,0,2.18e-05
362,2,360,-245.9168,16.63,4.53,2465,0.028015,0.4,148.1,0,,0,0,2.15e-05
363,0,360,-352.1741,16.76,3.5,2588,0.025023,1.0,144.9,0,,0,0,2.12e-05
364,3,360,-223.318,16.23,2.63,2415,0.107899,0.1,153.5,0,,0,0,2.09e-05
365,1,360,-255.9345,12.6,5.26,2488,0.051245,0.7,150.7,0,,0,0,2.06e-05
366,2,360,-230.4991,13.95,5.37,2169,0.059259,0.4,142.1,1,EXT_N_N01_in,1,0,2.03e-05
367,0,360,-354.2786,16.95,4.33,2573,0.02738,1.0,142.4,0,,0,0,2e-05
368,2,360,-149.3715,25.87,4.47,762,0.015614,0.4,29.2,0,,0,0,1.98e-05
369,3,360,-218.4466,11.46,5.48,2242,0.02248,0.1,159.9,0,,0,0,1.95e-05
370,1,360,-270.7888,12.82,8.16,2520,0.012261,0.7,162.7,0,,0,0,1.92e-05
371,0,360,-518.3487,13.28,4.66,2265,0.018534,1.0,166.5,1,"EXT_W_N07_in,SRC_NCT_N_N04",2,0,1.89e-05
372,2,360,-663.5685,8.94,5.33,2228,0.041296,0.4,188.6,1,"SRC_LDT_N_N02,SRC_NCT_N_N04",2,0,1.87e-05
373,3,360,-213.223,14.77,3.62,2428,0.020636,0.1,153.6,0,,0,0,1.84e-05
374,1,360,-266.0652,14.24,4.4,2540,0.021955,0.7,152.7,0,,0,0,1.81e-05
375,0,360,-315.207,13.12,5.09,2509,0.023585,1.0,148.4,0,,0,0,1.79e-05
376,2,360,-254.5438,13.41,2.9,2270,0.013804,0.4,156.3,1,"SRC_HTM_E_N03,SRC_HN_N04",2,0,1.76e-05
377,3,360,-214.5729,18.61,2.81,2399,0.032971,0.1,143.6,1,"SRC_NCT_N_N01,EXT_N_N02_in",2,0,1.73e-05
378,3,360,-124.8121,30.44,2.64,765,0.01957,0.1,29.2,0,,0,0,1.71e-05
379,1,360,-591.6272,12.59,10.59,2431,0.016605,0.7,182.1,1,SRC_NCT_N_N04,1,0,1.68e-05
380,0,360,-345.0189,15.01,3.49,2493,0.021833,1.0,153.7,0,,0,0,1.65e-05
381,2,360,-221.8481,19.12,2.18,2107,0.021377,0.4,109.7,1,"EXT_E_N03_in,EXT_N_N02_in",2,0,1.63e-05
382,3,360,-244.2144,15.48,7.15,2383,0.018807,0.1,163.1,0,,0,0,1.6e-05
383,0,360,-360.731,14.73,3.92,2228,0.065881,1.0,143.9,1,"SRC_THD_N08,EXT_N_N02_in",2,0,1.58e-05
384,1,360,-1171.1992,7.59,30.18,1940,0.034179,0.7,153.9,1,"EXT_N_N02_in,SRC_HTM_W_N02,SRC_LDT_S_N05",3,0,1.55e-05
385,2,360,-238.3947,16.03,3.76,2537,0.026586,0.4,159.1,0,,0,0,1.53e-05
386,1,360,-136.0131,41.78,0.67,785,0.019037,0.7,25.3,0,,0,0,1.5e-05
387,3,360,-236.7045,15.77,4.57,2387,0.028583,0.1,117.4,0,,0,0,1.48e-05
388,0,360,-310.2459,16.9,3.51,2634,0.021493,1.0,101.7,0,,0,0,1.45e-05
389,1,360,-279.484,17.14,3.84,2525,0.115266,0.7,84.8,0,,0,0,1.43e-05
390,0,360,-152.8289,43.49,0.18,786,0.014318,1.0,12.6,0,,0,0,1.4e-05
391,2,360,-300.2445,11.24,3.66,2283,0.020186,0.4,91.6,1,"SRC_THD_N08,SRC_NH_N05",2,0,1.38e-05
392,2,360,-147.3748,32.49,3.53,771,0.019866,0.4,14.2,1,SRC_PH_N03,1,0,1.36e-05
393,2,360,-116.052,39.05,1.65,781,0.033375,0.4,12.9,0,,0,0,1.33e-05
394,3,360,-454.8347,12.42,2.9,2001,0.032214,0.1,68.3,1,"SRC_HTM_W_N01,SRC_HTM_E_N02,SRC_LDT_N_N02",3,0,1.31e-05
395,3,360,-119.2831,27.04,3.88,759,0.022604,0.1,14.3,0,,0,0,1.28e-05
396,1,360,-279.9623,16.36,2.97,2364,0.01993,0.7,61.8,0,,0,0,1.26e-05
397,0,360,-338.3491,15.18,5.46,2504,0.012215,1.0,60.9,0,,0,0,1.24e-05
398,3,360,-124.0042,29.29,5.21,768,0.037159,0.1,14.8,0,,0,0,1.22e-05
399,2,360,-251.3404,13.46,2.84,2354,0.056993,0.4,64.6,0,,0,0,1.19e-05
400,1,360,-258.4073,12.75,6.18,2486,0.033959,0.7,64.7,0,,0,0,1.17e-05
401,0,360,-288.4589,15.1,4.37,2657,0.026541,1.0,64.7,0,,0,0,1.15e-05
402,1,360,-141.7261,40.02,0.03,784,0.014218,0.7,13.5,0,,0,0,1.13e-05
403,3,360,-217.9726,10.91,3.64,2261,0.032276,0.1,66.1,0,,0,0,1.1e-05
404,1,360,-117.2,39.95,3.06,689,0.028478,0.7,12.3,1,"SRC_LDT_N_N02,SRC_THD_N07,EXT_S_N08_in",3,0,1.08e-05
405,3,360,-132.472,24.51,2.29,756,0.025329,0.1,15.0,0,,0,0,1.06e-05
406,2,360,-234.7507,17.39,3.94,2435,0.022614,0.4,64.6,0,,0,0,1.04e-05
407,3,360,-131.3044,27.41,1.14,768,0.039013,0.1,14.8,0,,0,0,1.02e-05
408,2,360,-148.4024,41.44,0.69,782,0.018524,0.4,15.0,0,,0,0,1e-05
409,0,360,-295.0535,17.45,2.85,2653,0.044997,1.0,65.0,0,,0,0,9.8e-06
410,1,360,-265.4561,16.44,4.84,2566,0.020527,0.7,64.0,0,,0,0,9.5e-06
411,3,360,-218.697,17.94,3.4,2431,0.029848,0.1,67.4,0,,0,0,9.3e-06
412,2,360,-251.5259,13.34,4.49,2388,0.043414,0.4,63.9,0,,0,0,9.1e-06
413,0,360,-733.4266,8.5,24.13,2430,0.029431,1.0,83.2,1,SRC_NCT_N_N04,1,0,8.9e-06
414,1,360,-264.1528,18.34,2.4,2455,0.018816,0.7,64.4,0,,0,0,8.7e-06
415,2,360,-238.5652,14.86,5.14,2424,0.015374,0.4,65.7,0,,0,0,8.5e-06
416,3,360,-218.3478,10.3,3.89,2226,0.029914,0.1,69.5,0,,0,0,8.4e-06
417,3,360,-132.3948,23.06,3.32,752,0.031052,0.1,15.8,0,,0,0,8.2e-06
418,0,360,-641.2539,17.18,3.33,2399,0.050602,1.0,61.1,1,"EXT_N_N01_in,SRC_HTM_W_N02",2,0,8e-06
419,2,360,-243.6501,11.74,6.87,2284,0.030551,0.4,68.0,0,,0,0,7.8e-06
420,1,360,-1439.9856,6.19,13.48,2009,0.014868,0.7,97.6,1,SRC_PH_N03,1,0,7.6e-06
421,0,360,-331.3998,16.97,2.59,2610,0.027788,1.0,71.0,0,,0,0,7.4e-06
422,3,360,-868.0896,7.75,8.54,1771,0.030833,0.1,82.4,1,"SRC_PH_N03,EXT_N_N03_in",2,0,7.2e-06
423,2,360,-258.347,11.81,4.61,2332,0.019763,0.4,70.0,0,,0,0,7.1e-06
424,1,360,-284.4628,17.03,3.93,2433,0.040983,0.7,69.1,0,,0,0,6.9e-06
425,2,360,-132.2623,28.81,3.66,765,0.029128,0.4,15.1,0,,0,0,6.7e-06
426,2,360,-112.6743,40.36,2.46,789,0.014735,0.4,14.6,0,,0,0,6.5e-06
427,0,360,-326.08,18.47,2.83,2546,0.039309,1.0,68.6,0,,0,0,6.4e-06
428,3,360,-224.4425,11.22,4.05,2173,0.022878,0.1,71.0,1,EXT_E_N06_in,1,0,6.2e-06
429,0,360,-135.6915,42.84,1.14,702,0.029257,1.0,12.9,1,EXT_S_N08_in,1,0,6e-06
430,0,360,-141.4171,40.1,2.52,780,0.016168,1.0,14.1,0,,0,0,5.9e-06
431,2,360,-772.4139,18.28,10.4,2342,0.01344,0.4,58.6,1,EXT_W_N01_in,1,0,5.7e-06
432,1,360,-610.0194,10.13,6.16,2356,0.016665,0.7,87.8,1,"SRC_NCT_S_N04,SRC_NCT_N_N04",2,0,5.5e-06
433,3,360,-407.6523,10.02,6.2,1886,0.02242,0.1,68.2,1,"EXT_W_N04_in,SRC_HTM_E_N03,SRC_HTM_W_N01",3,0,5.4e-06
434,2,360,-131.0718,28.42,5.41,778,0.035578,0.4,14.5,0,,0,0,5.2e-06
435,1,360,-129.0158,37.76,0.75,788,0.020083,0.7,14.1,0,,0,0,5.1e-06
436,1,360,-146.531,32.36,3.0,718,0.024644,0.7,14.6,1,"SRC_LDT_N_N05,EXT_E_N06_in",2,0,4.9e-06
437,0,360,-293.4801,16.82,3.36,2642,0.022345,1.0,67.8,0,,0,0,4.8e-06
438,1,360,-126.4456,36.94,1.49,783,0.035572,0.7,13.9,0,,0,0,4.6e-06
439,0,360,-253.1166,15.1,6.17,2337,0.019675,1.0,48.2,1,"EXT_W_N01_in,EXT_N_N01_in",2,0,4.5e-06
440,3,360,-209.9006,13.4,3.61,2370,0.032125,0.1,71.9,0,,0,0,4.3e-06
441,2,360,-438.0223,14.28,2.71,2374,0.013853,0.4,74.4,0,,0,0,4.2e-06
442,3,360,-123.1693,28.74,4.03,764,0.037094,0.1,15.4,0,,0,0,4e-06
443,1,360,-269.3855,16.76,3.0,2497,0.024311,0.7,68.6,0,,0,0,3.9e-06
444,2,360,-243.9037,11.04,6.32,2109,0.017415,0.4,64.1,1,EXT_W_N04_in,1,0,3.8e-06
445,0,360,-308.987,15.12,5.2,2628,0.023452,1.0,67.7,0,,0,0,3.6e-06
446,3,360,-231.2909,12.61,3.49,2223,0.020692,0.1,71.0,0,,0,0,3.5e-06
447,1,360,-256.1998,13.14,3.32,2498,0.03635,0.7,69.0,0,,0,0,3.4e-06
448,3,360,-128.3709,25.42,3.38,764,0.026397,0.1,15.8,0,,0,0,3.3e-06
449,3,360,-123.6613,20.16,6.42,765,0.025972,0.1,15.7,0,,0,0,3.1e-06
450,2,360,-240.7237,16.59,3.54,2432,0.01642,0.4,71.1,0,,0,0,3e-06
451,0,360,-631.9371,10.74,5.54,2361,0.037798,1.0,74.9,1,"SRC_NCT_S_N07,SRC_HTM_E_N03",2,0,2.9e-06
452,2,360,-159.5868,20.28,3.07,702,0.029155,0.4,18.6,1,"SRC_HTM_E_N02,SRC_PH_N03,SRC_NCT_S_N07",3,0,2.8e-06
453,1,360,-318.0586,11.45,4.59,2307,0.04108,0.7,76.2,1,"SRC_HN_N04,SRC_LDT_N_N02,SRC_NCT_S_N07",3,0,2.7e-06
454,3,360,-208.949,14.33,4.35,2406,0.05124,0.1,70.8,0,,0,0,2.6e-06
455,0,360,-328.9139,18.41,3.87,2537,0.021442,1.0,65.0,0,,0,0,2.4e-06
456,2,360,-241.4904,13.33,2.94,2443,0.02401,0.4,70.6,0,,0,0,2.3e-06
457,1,360,-268.1212,15.79,2.17,2435,0.015438,0.7,65.2,0,,0,0,2.2e-06
458,0,360,-292.6698,12.97,4.04,2674,0.035985,1.0,69.2,0,,0,0,2.1e-06
459,3,360,-1227.3421,8.66,8.67,2133,0.018243,0.1,87.9,1,SRC_HN_N05,1,0,2e-06
460,1,360,-274.2044,15.23,2.98,2380,0.02147,0.7,68.9,0,,0,0,1.9e-06
461,2,360,-1525.2717,7.61,15.53,1898,0.027181,0.4,90.2,1,"SRC_NCT_S_N07,SRC_PH_N03,EXT_E_N03_in",3,0,1.8e-06
462,1,360,-126.0569,39.91,1.98,784,0.028783,0.7,14.1,0,,0,0,1.7e-06
463,2,360,-145.7491,39.34,0.48,729,0.028545,0.4,15.2,1,"EXT_N_N01_in,SRC_LDT_N_N02,SRC_THD_N07",3,0,1.7e-06
464,0,360,-312.1979,20.95,2.04,2601,0.026363,1.0,67.4,0,,0,0,1.6e-06
465,3,360,-1396.4317,9.69,25.12,1978,0.022125,0.1,77.6,1,"SRC_HN_N05,SRC_LDT_S_N05,SRC_NH_N05",3,0,1.5e-06
466,3,360,-134.539,17.81,6.66,661,0.016555,0.1,16.1,1,"SRC_NH_N06,SRC_PH_N03,EXT_S_N08_in",3,0,1.4e-06
467,3,360,-118.7501,35.5,4.45,777,0.027562,0.1,15.3,0,,0,0,1.3e-06
468,1,360,-278.0241,15.54,3.15,2476,0.024169,0.7,69.2,0,,0,0,1.2e-06
469,3,360,-126.9366,25.1,5.74,770,0.026793,0.1,15.7,0,,0,0,1.2e-06
470,2,360,-231.5016,14.38,2.81,2530,0.041395,0.4,71.9,0,,0,0,1.1e-06
471,0,360,-292.0656,18.39,2.34,2697,0.016328,1.0,70.0,0,,0,0,1e-06
472,1,360,-265.3847,17.49,2.48,2438,0.02853,0.7,65.5,0,,0,0,1e-06
473,3,360,-221.8447,11.01,4.58,2231,0.027707,0.1,72.0,0,,0,0,1e-06
474,2,360,-319.5126,12.17,4.32,2221,0.029274,0.4,78.1,1,"SRC_THD_N08,SRC_NCT_N_N01",2,0,1e-06
475,0,360,-445.8553,14.41,4.25,2636,0.047754,1.0,75.3,1,SRC_PH_N06,1,0,1e-06
476,1,360,-280.9896,14.4,4.6,2516,0.032992,0.7,66.3,0,,0,0,1e-06
477,1,360,-112.7423,35.03,1.43,780,0.018704,0.7,14.3,1,SRC_NCT_N_N01,1,0,1e-06
478,2,360,-266.1521,12.71,3.88,2397,0.020495,0.4,68.6,0,,0,0,1e-06
479,0,360,-312.5329,11.91,6.98,2600,0.027455,1.0,72.7,0,,0,0,1e-06
480,3,360,-1074.5184,7.36,16.19,1939,0.076561,0.1,91.2,1,"SRC_NCT_S_N07,SRC_PH_N03",2,0,1e-06
481,1,360,-405.0401,15.04,4.66,2463,0.027292,0.7,72.2,1,SRC_LDT_N_N02,1,0,1e-06
482,2,360,-248.9567,13.57,3.07,2332,0.057844,0.4,72.0,0,,0,0,1e-06
483,0,360,-311.2565,16.61,2.77,2528,0.036542,1.0,66.3,0,,0,0,1e-06
484,3,360,-222.4637,12.84,3.61,2257,0.021758,0.1,70.0,0,,0,0,1e-06
485,2,360,-118.6355,39.39,1.89,663,0.046475,0.4,12.6,1,EXT_W_N01_in,1,0,1e-06
486,0,360,-139.9605,38.09,0.67,696,0.043402,1.0,12.8,1,"SRC_THD_N08,EXT_E_N03_in",2,0,1e-06
487,3,360,-147.9444,22.5,4.68,645,0.060507,0.1,14.4,1,"EXT_W_N01_in,SRC_LDT_S_N05,SRC_NH_N06",3,0,1e-06
488,1,360,-439.0901,12.6,2.36,2353,0.051128,0.7,73.3,1,SRC_LDT_S_N08,1,0,1e-06
489,2,360,-322.2858,10.02,6.95,2047,0.023197,0.4,68.6,1,"SRC_NCT_S_N07,SRC_PH_N06,EXT_S_N07_in",3,0,1e-06
490,3,360,-228.8271,11.79,3.65,2216,0.02856,0.1,64.9,0,,0,0,1e-06
491,2,360,-113.2809,34.63,0.88,774,0.023277,0.4,12.7,0,,0,0,1e-06
492,1,360,-282.4523,15.93,3.44,2320,0.025855,0.7,59.9,1,EXT_E_N06_in,1,0,1e-06
493,3,360,-193.4928,15.2,2.87,2417,0.025784,0.1,62.1,0,,0,0,1e-06
494,2,360,-598.4165,11.42,5.29,2245,0.015,0.4,58.5,1,"EXT_S_N07_in,SRC_LDT_N_N05,SRC_NCT_S_N07",3,0,1e-06
495,1,360,-257.666,18.41,3.58,2550,0.048304,0.7,57.9,0,,0,0,1e-06
496,3,360,-230.2598,13.39,2.49,2255,0.025165,0.1,59.5,0,,0,0,1e-06
497,1,360,-298.5088,15.71,3.25,2464,0.015641,0.7,58.0,0,,0,0,1e-06
498,1,360,-134.2308,40.55,0.94,771,0.0469,0.7,13.8,1,"SRC_PH_N06,SRC_LDT_S_N05",2,0,1e-06
499,1,360,-255.8776,15.01,3.03,2498,0.038829,0.7,55.0,0,,0,0,1e-06
500,1,360,-121.2236,39.37,1.57,787,0.028933,0.7,11.0,0,,0,0,1e-06
