1,4,360,-303.9601,40.44,2.5,1249,0.010309,0.6,23.3,0,,0,0,2e-06
2,0,360,-571.658,18.92,3.32,4507,0.003634,1.0,122.7,0,,0,0,4e-06
3,2,360,-614.7356,15.9,5.54,4553,0.00309,0.8,129.4,0,,0,0,6e-06
4,1,360,-639.1088,16.9,3.8,4431,0.003124,0.9,132.4,0,,0,0,8e-06
5,3,360,-561.3526,14.78,5.31,4167,0.002917,0.7,130.1,1,SRC_RM_BC_N09,1,0,1e-05
6,5,360,-541.8287,14.59,3.49,4312,0.002593,0.5,128.8,0,,0,0,1.2e-05
7,7,360,-457.2373,15.08,3.8,3850,0.002134,0.3,132.4,0,,0,0,1.4e-05
8,6,360,-758.6805,14.21,4.47,3803,0.002144,0.4,141.5,1,"SRC_R1_CD_N03,EXT_N_N06_in",2,0,1.6e-05
9,9,360,-506.6429,12.66,4.06,3694,0.001891,0.1,139.1,0,,0,0,1.8e-05
10,8,360,-618.6361,13.14,3.27,4109,0.001925,0.2,143.6,0,,0,0,2e-05
11,4,360,-602.801,13.42,3.93,3930,0.001946,0.6,137.5,0,,0,0,2.2e-05
12,6,360,-287.3757,42.32,0.55,1247,0.002193,0.4,26.2,1,"SRC_R2_AB_N11,SRC_RM_AB_N08",2,0,2.4e-05
13,0,360,-577.3467,14.59,3.56,4449,0.004582,1.0,134.5,0,,0,0,2.6e-05
14,2,360,-625.8819,17.42,5.35,4122,0.003081,0.8,130.4,0,,0,0,2.8e-05
15,1,360,-560.4353,17.76,3.79,4601,0.002313,0.9,130.0,0,,0,0,3e-05
16,3,360,-692.7609,13.54,5.25,4228,0.002352,0.7,134.9,0,,0,0,3.2e-05
17,5,360,-996.5212,13.14,3.22,3545,0.002243,0.5,135.3,1,"SRC_V5S_N15,SRC_V2_N02,SRC_R2_DE_N14",3,0,3.4e-05
18,0,360,-308.3661,39.9,1.12,1249,0.004045,1.0,23.4,0,,0,0,3.6e-05
19,7,360,-619.8482,10.69,4.14,3640,0.003807,0.3,136.4,0,,0,0,3.8e-05
20,4,360,-566.3201,16.91,4.02,4089,0.0025,0.6,128.3,0,,0,0,4e-05
21,8,360,-633.6775,14.18,3.92,3781,0.003532,0.2,140.2,1,SRC_RM_BC_N08,1,0,4.2e-05
22,9,360,-581.9148,13.86,2.46,3652,0.023959,0.1,143.4,0,,0,0,4.4e-05
23,7,360,-306.7676,41.27,0.71,1244,0.002997,0.3,23.4,0,,0,0,4.6e-05
24,9,360,-282.465,40.16,2.13,1248,0.002703,0.1,24.0,0,,0,0,4.8e-05
25,6,360,-638.9549,10.58,7.4,3635,0.024593,0.4,147.9,1,SRC_RM_CD_N10,1,0,5e-05
26,2,360,-512.7215,18.5,2.24,4459,0.026078,0.8,132.5,0,,0,0,5.2e-05
27,3,360,-568.8741,15.4,4.13,4104,0.03288,0.7,132.7,1,SRC_V1_N01,1,0,5.4e-05
28,1,360,-606.7854,17.37,3.94,4236,0.003863,0.9,139.9,0,,0,0,5.6e-05
29,0,360,-554.2169,16.85,3.53,4782,0.00267,1.0,131.9,0,,0,0,5.8e-05
30,5,360,-678.5988,13.98,5.08,4033,0.002928,0.5,146.8,0,,0,0,6e-05
31,4,360,-590.4233,14.74,3.72,3965,0.002929,0.6,133.0,0,,0,0,6.2e-05
32,8,360,-651.1944,14.18,4.44,3839,0.002812,0.2,144.0,0,,0,0,6.4e-05
33,7,360,-810.2602,11.95,5.49,3761,0.002915,0.3,151.0,0,,0,0,6.6e-05
34,6,360,-578.7793,14.78,4.59,3994,0.002364,0.4,133.5,0,,0,0,6.8e-05
35,9,360,-741.6642,11.36,5.05,3739,0.00341,0.1,145.3,0,,0,0,7e-05
36,2,360,-527.0685,15.57,5.43,4202,0.002775,0.8,125.2,1,EXT_E_N10_in,1,0,7.2e-05
37,0,360,-517.8645,18.67,3.35,4505,0.002747,1.0,122.7,0,,0,0,7.4e-05
38,2,360,-298.858,39.32,1.11,1231,0.002697,0.8,25.8,1,SRC_R1_AB_N02,1,0,7.6e-05
39,1,360,-635.8063,17.81,4.65,4210,0.028301,0.9,143.6,0,,0,0,7.8e-05
40,3,360,-632.0902,12.89,5.05,4016,0.003395,0.7,147.1,0,,0,0,8e-05
41,5,360,-666.3617,12.59,6.17,3841,0.003523,0.5,145.4,0,,0,0,8.2e-05
42,8,360,-561.3183,14.4,4.44,4230,0.003141,0.2,123.3,0,,0,0,8.4e-05
43,4,360,-548.0793,14.64,3.97,4174,0.00445,0.6,138.4,0,,0,0,8.6e-05
44,5,360,-312.5719,44.52,0.96,1253,0.00276,0.5,25.2,0,,0,0,8.8e-05
45,8,360,-282.77,42.46,1.62,1251,0.003784,0.2,24.3,0,,0,0,9e-05
46,6,360,-687.0028,15.42,2.83,3973,0.00412,0.4,133.2,0,,0,0,9.2e-05
47,9,360,-568.6898,16.77,3.67,3943,0.003301,0.1,141.6,0,,0,0,9.4e-05
48,7,360,-2423.8834,9.61,41.74,3621,0.005394,0.3,157.1,1,"SRC_R2_BC_N12,SRC_R1_BC_N03,SRC_R2_BC_N13",3,0,9.6e-05
49,2,360,-577.1013,17.19,4.15,4255,0.003537,0.8,121.5,0,,0,0,9.8e-05
50,0,360,-589.9268,15.97,4.6,4443,0.003082,1.0,139.0,0,,0,0,0.0001
51,1,360,-563.7204,18.51,6.19,4399,0.009319,0.9,132.4,0,,0,0,0.0001
52,3,360,-747.8492,14.36,5.1,3875,0.008976,0.7,135.8,1,"EXT_S_N11_in,SRC_V1_N11,SRC_R2_CD_N13",3,0,0.0001
53,2,360,-311.5191,39.88,1.11,1247,0.005858,0.8,24.4,0,,0,0,0.0001
54,0,360,-287.5573,43.98,0.72,1251,0.004497,1.0,25.9,0,,0,0,0.0001
55,4,360,-562.4051,17.87,4.65,4290,0.003181,0.6,132.4,0,,0,0,0.0001
56,5,360,-563.107,16.92,6.47,4030,0.00761,0.5,122.6,1,"EXT_E_N10_in,SRC_R1_AB_N02,SRC_R1_BC_N03",3,0,0.0001
57,8,360,-535.0706,12.95,3.38,3927,0.005644,0.2,134.9,0,,0,0,9.99e-05
58,6,360,-579.7166,14.94,4.12,4018,0.016163,0.4,148.1,0,,0,0,9.99e-05
59,7,360,-505.2182,13.78,4.21,4064,0.003515,0.3,139.2,0,,0,0,9.99e-05
60,9,360,-516.1432,13.33,5.43,4091,0.003129,0.1,143.7,0,,0,0,9.99e-05
61,1,360,-601.2768,15.64,4.87,4415,0.004226,0.9,143.0,0,,0,0,9.99e-05
62,3,360,-628.2638,13.26,4.55,4136,0.003088,0.7,137.1,0,,0,0,9.98e-05
63,2,360,-892.171,11.63,8.22,3881,0.003033,0.8,144.4,1,"SRC_R2_AB_N12,SRC_V5N_N05,SRC_R2_BC_N13",3,0,9.98e-05
64,0,360,-633.2447,16.4,4.83,4438,0.007865,1.0,138.3,0,,0,0,9.98e-05
65,4,360,-569.7696,15.08,3.48,4014,0.048737,0.6,141.1,0,,0,0,9.97e-05
66,5,360,-653.5972,12.8,4.18,3842,0.004807,0.5,139.9,0,,0,0,9.97e-05
67,8,360,-672.4523,14.04,3.33,3700,0.009207,0.2,154.1,0,,0,0,9.96e-05
68,6,360,-689.6101,12.68,5.26,3893,0.007624,0.4,139.1,1,"EXT_W_N11_in,SRC_V5N_N09",2,0,9.96e-05
69,9,360,-589.851,13.62,4.01,3801,0.003245,0.1,127.1,0,,0,0,9.96e-05
70,7,360,-635.4253,14.93,4.93,3884,0.034016,0.3,145.0,0,,0,0,9.95e-05
71,3,360,-542.2029,16.77,3.45,4180,0.003955,0.7,129.6,0,,0,0,9.95e-05
72,1,360,-579.912,14.16,6.22,4507,0.029646,0.9,141.8,0,,0,0,9.94e-05
73,0,360,-613.1685,14.98,6.36,4414,0.002665,1.0,132.5,0,,0,0,9.94e-05
74,2,360,-558.5689,18.39,6.32,4482,0.003304,0.8,138.4,0,,0,0,9.93e-05
75,4,360,-547.6445,16.47,3.22,4361,0.004075,0.6,136.2,0,,0,0,9.92e-05
76,1,360,-297.4088,42.13,0.46,1245,0.004314,0.9,23.3,1,"SRC_V4N_N04,SRC_RM_AB_N08,SRC_V2_N12",3,0,9.92e-05
77,0,360,-280.8883,38.02,1.32,1172,0.004105,1.0,22.4,1,"SRC_RM_BC_N09,EXT_N_N05_in,EXT_N_N06_in",3,0,9.91e-05
78,5,360,-563.5524,15.16,4.35,3831,0.008527,0.5,141.8,1,"SRC_RM_BC_N09,SRC_V3N_N03",2,0,9.9e-05
79,1,360,-310.0599,42.85,1.98,1250,0.003518,0.9,24.7,0,,0,0,9.9e-05
80,6,360,-569.6307,15.9,3.17,3915,0.002754,0.4,130.9,0,,0,0,9.89e-05
81,9,360,-537.3995,14.11,3.72,3748,0.005685,0.1,134.0,0,,0,0,9.88e-05
82,8,360,-573.2143,13.24,3.71,3443,0.005005,0.2,137.5,1,"SRC_R1_AB_N02,SRC_V6_N06",2,0,9.88e-05
83,7,360,-537.4902,14.69,3.15,3660,0.003838,0.3,138.6,0,,0,0,9.87e-05
84,3,360,-700.569,13.31,5.21,4099,0.003931,0.7,129.2,0,,0,0,9.86e-05
85,2,360,-648.9675,15.94,4.46,4330,0.004224,0.8,144.1,0,,0,0,9.85e-05
86,0,360,-576.2818,17.57,4.2,4638,0.008614,1.0,132.8,0,,0,0,9.84e-05
87,4,360,-999.858,12.21,6.57,3678,0.006856,0.6,148.1,1,"SRC_V5S_N09,SRC_R1_EF_N06",2,0,9.83e-05
88,5,360,-561.34,12.99,4.37,4044,0.004527,0.5,149.8,0,,0,0,9.83e-05
89,4,360,-281.7861,38.93,1.1,1216,0.004093,0.6,24.6,1,"EXT_N_N04_in,SRC_RM_AB_N08",2,0,9.82e-05
90,6,360,-646.4535,15.19,4.64,3885,0.010224,0.4,143.5,0,,0,0,9.81e-05
91,9,360,-980.9173,12.79,5.2,3699,0.004387,0.1,140.0,1,"SRC_R1_AB_N01,EXT_S_N11_in,SRC_R2_BC_N13",3,0,9.8e-05
92,8,360,-514.4638,14.91,3.92,3879,0.007389,0.2,141.7,0,,0,0,9.79e-05
93,1,360,-1022.5395,14.42,5.53,4218,0.005341,0.9,150.8,1,"SRC_R2_BC_N13,SRC_RM_CD_N09,SRC_R1_CD_N04",3,0,9.78e-05
94,7,360,-644.3105,16.23,3.15,3574,0.003752,0.3,136.6,1,"EXT_N_N06_in,SRC_RM_BC_N09",2,0,9.77e-05
95,3,360,-543.2801,16.55,4.01,4113,0.003296,0.7,123.4,0,,0,0,9.76e-05
96,2,360,-609.0003,19.25,4.3,4279,0.00401,0.8,127.2,0,,0,0,9.74e-05
97,0,360,-576.3834,18.64,4.83,4620,0.00401,1.0,124.6,0,,0,0,9.73e-05
98,0,360,-325.6125,39.09,1.67,1245,0.00401,1.0,21.7,0,,0,0,9.72e-05
99,4,360,-555.9347,15.24,3.7,4015,0.00401,0.6,127.3,0,,0,0,9.71e-05
100,5,360,-680.8689,14.21,3.66,4367,0.00401,0.5,136.7,0,,0,0,9.7e-05
101,6,360,-577.8052,16.56,3.08,4376,0.00401,0.4,130.7,0,,0,0,9.69e-05
102,7,360,-1098.5014,14.91,15.22,3534,0.00401,0.3,116.7,1,"EXT_N_N06_in,SRC_R2_DE_N15,EXT_E_N15_in",3,0,9.67e-05
103,1,360,-579.3192,19.38,5.29,4553,0.00401,0.9,128.7,0,,0,0,9.66e-05
104,9,360,-596.3932,13.71,3.33,3828,0.00401,0.1,136.8,0,,0,0,9.65e-05
105,8,360,-520.7651,14.71,3.11,3912,0.00401,0.2,135.1,0,,0,0,9.64e-05
106,4,360,-359.5263,41.14,2.18,1248,0.00401,0.6,21.8,0,,0,0,9.62e-05
107,7,360,-299.2641,41.4,1.89,1246,0.00401,0.3,19.9,0,,0,0,9.61e-05
108,3,360,-709.6963,13.22,3.75,4007,0.00401,0.7,125.8,1,SRC_R1_CD_N04,1,0,9.6e-05
109,2,360,-729.5513,15.21,4.59,4157,0.00401,0.8,112.1,0,,0,0,9.58e-05
110,0,360,-517.3412,16.49,5.01,4605,0.00401,1.0,97.0,0,,0,0,9.57e-05
111,5,360,-560.0705,15.8,4.24,4296,0.00401,0.5,97.3,0,,0,0,9.55e-05
112,8,360,-548.1307,15.3,3.54,4104,0.00401,0.2,101.4,0,,0,0,9.54e-05
113,3,360,-634.9108,15.8,3.21,4147,0.00401,0.7,97.0,0,,0,0,9.52e-05
114,2,360,-600.0085,15.7,3.5,4237,0.00401,0.8,93.5,0,,0,0,9.51e-05
115,5,360,-537.3279,17.31,4.12,4279,0.00401,0.5,80.1,0,,0,0,9.49e-05
116,0,360,-619.6193,15.95,3.92,4489,0.00401,1.0,91.7,0,,0,0,9.48e-05
117,3,360,-580.6947,13.93,4.96,4241,0.00401,0.7,79.3,0,,0,0,9.46e-05
118,2,360,-590.1415,17.1,3.33,4231,0.00401,0.8,78.1,0,,0,0,9.45e-05
119,5,360,-562.3993,16.98,6.27,4185,0.00401,0.5,75.0,0,,0,0,9.43e-05
120,3,360,-584.6069,15.46,5.07,4292,0.00401,0.7,77.2,0,,0,0,9.41e-05
121,2,360,-580.5191,14.5,4.25,4300,0.00401,0.8,75.2,0,,0,0,9.4e-05
122,5,360,-503.7836,18.65,3.21,4291,0.00401,0.5,77.0,0,,0,0,9.38e-05
123,3,360,-569.7275,15.51,3.17,4338,0.00401,0.7,76.3,0,,0,0,9.36e-05
124,2,360,-530.2548,17.97,3.11,4427,0.00401,0.8,70.6,0,,0,0,9.35e-05
125,5,360,-608.3276,13.5,4.61,3961,0.00401,0.5,77.4,0,,0,0,9.33e-05
126,2,360,-274.5357,43.83,1.08,1248,0.00401,0.8,14.2,0,,0,0,9.31e-05
127,3,360,-609.3193,15.08,3.41,4129,0.00401,0.7,75.9,0,,0,0,9.29e-05
128,5,360,-541.311,16.4,3.59,4180,0.00401,0.5,73.5,0,,0,0,9.28e-05
129,2,360,-581.9484,17.18,5.33,4358,0.00401,0.8,73.4,0,,0,0,9.26e-05
130,3,360,-533.2997,17.23,3.17,4487,0.00401,0.7,73.6,0,,0,0,9.24e-05
131,2,360,-607.6918,15.18,4.21,4463,0.00401,0.8,74.5,0,,0,0,9.22e-05
132,5,360,-572.8561,15.1,4.31,4124,0.00401,0.5,75.6,0,,0,0,9.2e-05
133,5,360,-644.9381,15.32,4.02,4015,0.00401,0.5,74.4,0,,0,0,9.18e-05
134,3,360,-541.4531,15.97,4.39,4197,0.00401,0.7,73.0,0,,0,0,9.16e-05
135,3,360,-580.8047,16.2,3.82,4182,0.003297,0.7,86.8,0,,0,0,9.15e-05
136,5,360,-562.6506,15.12,4.1,4159,0.004317,0.5,113.3,0,,0,0,9.13e-05
137,8,360,-773.3373,12.57,4.48,3865,0.003009,0.2,660.6,1,"SRC_RM_AB_N08,SRC_R2_BC_N12,SRC_R2_CD_N14",3,0,9.11e-05
138,9,360,-558.0231,14.2,3.48,4244,0.003012,0.1,770.8,1,EXT_W_N11_in,1,0,9.09e-05
139,2,360,-804.1663,15.18,4.62,4206,0.005523,0.8,226.4,1,SRC_R1_CD_N03,1,0,9.07e-05
140,4,360,-1003.4706,18.56,7.56,4379,0.003894,0.6,765.5,1,"EXT_E_N10_in,SRC_RM_BC_N08",2,0,9.05e-05
141,6,360,-636.6247,16.09,3.33,4033,0.030451,0.4,778.7,1,"SRC_V6_N10,EXT_W_N11_in",2,0,9.02e-05
142,7,360,-908.7279,12.59,6.75,3777,0.030451,0.3,765.6,1,SRC_V2_N02,1,0,9e-05
143,0,360,-1098.4591,12.02,8.8,4013,0.030451,1.0,622.6,1,"SRC_R2_CD_N14,SRC_V5N_N09",2,0,8.98e-05
144,1,360,-1104.5943,14.72,5.43,4230,0.030451,0.9,791.1,1,"SRC_RM_AB_N07,SRC_V4S_N14",2,0,8.96e-05
145,3,360,-623.592,14.76,3.85,4007,0.030451,0.7,126.9,0,,0,0,8.94e-05
146,9,360,-609.3436,12.24,3.22,3585,0.007838,0.1,112.8,0,,0,0,8.92e-05
147,6,360,-604.2705,14.35,3.43,3811,0.003974,0.4,116.4,0,,0,0,8.9e-05
148,1,360,-553.8513,17.81,2.92,4522,0.00591,0.9,116.0,0,,0,0,8.87e-05
149,3,360,-498.2305,14.88,4.32,4054,0.003935,0.7,116.2,0,,0,0,8.85e-05
150,2,360,-528.7689,15.62,3.82,4044,0.003243,0.8,178.9,1,"EXT_W_N11_in,SRC_RM_AB_N07",2,0,8.83e-05
151,0,360,-607.3256,16.42,4.39,4304,0.004046,1.0,162.8,1,"EXT_W_N11_in,SRC_V4S_N08",2,0,8.81e-05
152,4,360,-515.7175,16.96,3.76,3743,0.005071,0.6,183.0,1,"EXT_N_N04_in,EXT_N_N05_in",2,0,8.78e-05
153,5,360,-710.5285,15.35,4.45,3878,0.004081,0.5,233.6,1,"EXT_S_N13_in,SRC_R1_CD_N03",2,0,8.76e-05
154,8,360,-1091.5789,10.88,5.53,3402,0.003857,0.2,203.5,1,"SRC_R2_AB_N12,EXT_W_N11_in,SRC_V5S_N15",3,0,8.74e-05
155,0,360,-281.5663,43.19,1.12,1252,0.004094,1.0,23.9,0,,0,0,8.72e-05
156,7,360,-1323.4467,12.28,6.89,3621,0.003657,0.3,209.6,1,SRC_R1_AB_N01,1,0,8.69e-05
157,6,360,-578.8491,16.38,3.06,3971,0.028837,0.4,134.7,1,SRC_RM_BC_N09,1,0,8.67e-05
158,1,360,-610.8963,14.05,6.57,3768,0.004958,0.9,117.9,1,"SRC_R2_AB_N12,EXT_W_N01_in",2,0,8.64e-05
159,9,360,-1406.9618,8.8,12.12,3531,0.002699,0.1,164.8,1,"SRC_R1_AB_N01,SRC_R1_DE_N05",2,0,8.62e-05
160,3,360,-675.3323,13.12,4.27,4065,0.004221,0.7,144.7,0,,0,0,8.6e-05
161,2,360,-540.0906,18.84,3.12,3869,0.004119,0.8,130.2,1,"SRC_V1_N01,EXT_S_N14_in,SRC_V6_N10",3,0,8.57e-05
162,4,360,-493.8727,18.07,7.16,4125,0.005793,0.6,133.4,0,,0,0,8.55e-05
163,5,360,-607.5362,16.55,3.77,3736,0.035435,0.5,126.7,1,"EXT_W_N11_in,SRC_R1_AB_N02",2,0,8.52e-05
164,8,360,-643.5208,13.26,4.5,3549,0.005694,0.2,131.4,1,"EXT_E_N06_in,SRC_V4S_N08,EXT_S_N13_in",3,0,8.5e-05
165,0,360,-624.7035,18.05,5.56,4679,0.028246,1.0,130.8,0,,0,0,8.47e-05
166,7,360,-535.2001,13.8,4.32,4049,0.004915,0.3,135.2,0,,0,0,8.45e-05
167,1,360,-583.2478,16.51,4.24,4132,0.004007,0.9,129.0,1,EXT_W_N11_in,1,0,8.42e-05
168,6,360,-883.8972,13.1,5.85,3745,0.011676,0.4,149.6,1,"SRC_V5N_N05,SRC_R1_EF_N06",2,0,8.4e-05
169,9,360,-577.2004,14.38,3.93,4083,0.021197,0.1,132.6,0,,0,0,8.37e-05
170,2,360,-625.3145,14.34,5.62,3983,0.004289,0.8,129.0,1,EXT_N_N04_in,1,0,8.35e-05
171,5,360,-539.6443,16.34,4.61,4095,0.00723,0.5,122.1,1,SRC_R2_CD_N13,1,0,8.32e-05
172,4,360,-613.9999,17.23,5.44,3976,0.030795,0.6,132.1,0,,0,0,8.29e-05
173,3,360,-1326.0061,10.96,12.82,3724,0.004444,0.7,158.2,1,"SRC_V2_N12,SRC_V1_N11,SRC_V4S_N14",3,1,8.27e-05
174,0,360,-547.3493,18.14,4.82,4461,0.035696,1.0,127.7,0,,0,0,8.24e-05
175,8,360,-1047.5508,10.65,6.83,3947,0.003309,0.2,146.1,1,"SRC_R2_BC_N13,SRC_V2_N02",2,0,8.21e-05
176,7,360,-560.3818,14.87,3.53,3878,0.004199,0.3,127.6,0,,0,0,8.19e-05
177,1,360,-567.5845,16.18,3.59,4097,0.027394,0.9,129.8,1,EXT_S_N13_in,1,0,8.16e-05
178,9,360,-515.6669,14.9,2.49,3705,0.002666,0.1,132.0,0,,0,0,8.13e-05
179,6,360,-610.4709,16.09,4.62,3769,0.004597,0.4,143.3,1,"SRC_R2_BC_N13,SRC_V5N_N05,SRC_V4N_N04",3,0,8.11e-05
180,2,360,-577.867,15.4,5.62,4297,0.028627,0.8,131.1,0,,0,0,8.08e-05
181,5,360,-504.3051,15.95,5.29,4044,0.028075,0.5,131.1,0,,0,0,8.05e-05
182,4,360,-575.8892,14.38,3.19,4137,0.028075,0.6,135.3,0,,0,0,8.02e-05
183,3,360,-550.1736,14.78,4.81,4220,0.028075,0.7,133.7,0,,0,0,8e-05
184,0,360,-646.0598,16.93,6.21,4599,0.028075,1.0,130.8,0,,0,0,7.97e-05
185,7,360,-572.7333,13.92,4.81,3809,0.054134,0.3,133.2,0,,0,0,7.94e-05
186,8,360,-1528.6753,11.2,11.02,3271,0.004455,0.2,151.4,1,"SRC_V1_N11,SRC_V4S_N14,SRC_R2_DE_N15",3,0,7.91e-05
187,7,360,-260.3605,45.61,0.42,1250,0.003034,0.3,23.0,0,,0,0,7.88e-05
188,1,360,-633.2249,16.97,3.35,4151,0.004932,0.9,134.0,0,,0,0,7.85e-05
189,6,360,-584.948,14.94,3.62,3805,0.002976,0.4,125.2,0,,0,0,7.82e-05
190,9,360,-565.5262,15.67,3.04,3618,0.002976,0.1,136.2,0,,0,0,7.8e-05
191,2,360,-563.998,16.35,3.48,4286,0.002976,0.8,124.0,0,,0,0,7.77e-05
192,5,360,-644.7193,14.53,5.48,3924,0.002976,0.5,124.1,0,,0,0,7.74e-05
193,3,360,-525.8119,17.34,3.11,4242,0.003543,0.7,122.2,0,,0,0,7.71e-05
194,4,360,-608.8356,16.18,3.4,4109,0.002631,0.6,129.4,0,,0,0,7.68e-05
195,0,360,-590.2398,17.36,6.55,4532,0.004648,1.0,123.6,0,,0,0,7.65e-05
196,1,360,-302.2976,43.53,0.87,1168,0.004757,0.9,86.5,1,"SRC_R2_BC_N12,EXT_N_N06_in,SRC_V1_N01",3,0,7.62e-05
197,8,360,-626.3239,15.26,3.74,3652,0.005819,0.2,128.8,0,,0,0,7.59e-05
198,1,360,-290.5175,44.23,1.1,1214,0.004225,0.9,24.2,1,EXT_N_N04_in,1,0,7.56e-05
199,6,360,-685.3917,14.11,4.33,3868,0.002795,0.4,133.6,0,,0,0,7.53e-05
200,9,360,-629.1796,13.98,3.07,3853,0.004197,0.1,136.1,0,,0,0,7.5e-05
201,2,360,-561.8295,15.71,5.04,4290,0.004075,0.8,125.6,0,,0,0,7.47e-05
202,5,360,-570.3235,13.12,7.79,3935,0.00284,0.5,137.4,0,,0,0,7.44e-05
203,3,360,-538.7354,16.01,2.9,4259,0.004968,0.7,129.5,0,,0,0,7.41e-05
204,7,360,-1134.5143,15.61,6.1,3873,0.004378,0.3,206.6,1,"SRC_R2_BC_N12,SRC_V5N_N09",2,0,7.38e-05
205,0,360,-702.2695,17.9,7.17,4329,0.004046,1.0,131.3,1,"EXT_S_N15_in,SRC_V5N_N05",2,0,7.35e-05
206,1,360,-797.4462,17.86,6.87,4262,0.003924,0.9,99.7,1,"EXT_E_N15_in,EXT_E_N10_in",2,0,7.32e-05
207,4,360,-996.2641,9.9,6.9,3596,0.004333,0.6,155.5,1,"SRC_V6_N06,EXT_S_N14_in,SRC_R1_AB_N01",3,0,7.29e-05
208,8,360,-1013.2652,13.07,4.1,3806,0.003713,0.2,124.9,1,"SRC_R2_BC_N12,EXT_S_N11_in,SRC_R2_BC_N13",3,0,7.25e-05
209,6,360,-711.4312,11.92,4.86,3690,0.003813,0.4,136.2,1,"SRC_RM_CD_N10,EXT_W_N11_in",2,0,7.22e-05
210,2,360,-583.3276,14.52,3.81,4181,0.027119,0.8,131.9,0,,0,0,7.19e-05
211,9,360,-574.527,15.09,6.09,3701,0.004744,0.1,137.4,0,,0,0,7.16e-05
212,6,360,-301.7104,36.03,2.61,1247,0.028974,0.4,23.2,0,,0,0,7.13e-05
213,5,360,-530.6266,15.41,5.79,3963,0.004108,0.5,134.9,0,,0,0,7.1e-05
214,3,360,-578.076,15.19,3.46,4143,0.002977,0.7,141.7,0,,0,0,7.07e-05
215,1,360,-557.1447,16.25,3.21,4375,0.003947,0.9,132.3,0,,0,0,7.03e-05
216,7,360,-612.8293,12.6,3.75,3786,0.004725,0.3,141.5,0,,0,0,7e-05
217,0,360,-711.9562,16.29,4.36,4189,0.003832,1.0,143.0,0,,0,0,6.97e-05
218,8,360,-633.6871,14.31,2.82,3753,0.002596,0.2,130.1,1,SRC_R1_CD_N03,1,0,6.94e-05
219,4,360,-579.2546,14.58,3.9,4045,0.003286,0.6,144.1,0,,0,0,6.91e-05
220,2,360,-553.5242,15.34,3.41,4135,0.002828,0.8,124.7,0,,0,0,6.87e-05
221,9,360,-609.5446,14.99,3.6,3905,0.024203,0.1,143.5,0,,0,0,6.84e-05
222,6,360,-522.9089,14.36,4.25,3964,0.029192,0.4,141.6,0,,0,0,6.81e-05
223,5,360,-535.7523,13.34,3.82,4066,0.004263,0.5,134.1,0,,0,0,6.78e-05
224,3,360,-549.7888,16.6,4.58,3892,0.003186,0.7,130.9,1,EXT_N_N06_in,1,0,6.74e-05
225,7,360,-470.6453,16.46,5.3,3654,0.030427,0.3,127.3,1,"EXT_N_N06_in,EXT_N_N05_in,SRC_R1_BC_N03",3,0,6.71e-05
226,0,360,-558.4532,19.47,5.85,4689,0.044977,1.0,128.2,0,,0,0,6.68e-05
227,1,360,-628.2411,17.81,3.39,4342,0.002537,0.9,141.8,0,,0,0,6.64e-05
228,8,360,-573.7793,14.33,3.53,3929,0.026707,0.2,142.0,0,,0,0,6.61e-05
229,4,360,-562.3727,17.17,3.73,4091,0.029364,0.6,146.1,0,,0,0,6.58e-05
230,8,360,-287.398,39.03,2.2,1251,0.003079,0.2,25.1,0,,0,0,6.55e-05
231,2,360,-653.2779,14.79,4.08,4143,0.002948,0.8,141.1,0,,0,0,6.51e-05
232,9,360,-555.1761,14.56,2.8,3873,0.003803,0.1,144.5,0,,0,0,6.48e-05
233,7,360,-1072.328,10.44,5.97,3529,0.004271,0.3,132.2,1,"SRC_R2_BC_N13,SRC_V5S_N15",2,0,6.45e-05
234,3,360,-549.4641,15.75,3.79,4289,0.003521,0.7,139.1,0,,0,0,6.41e-05
235,5,360,-527.7684,15.53,4.17,3814,0.003945,0.5,143.4,1,"SRC_V2_N12,EXT_S_N13_in",2,0,6.38e-05
236,6,360,-628.0027,12.56,4.85,3836,0.045039,0.4,152.5,0,,0,0,6.34e-05
237,1,360,-596.9078,16.69,5.7,4184,0.004489,0.9,138.2,0,,0,0,6.31e-05
238,0,360,-734.1147,15.96,6.91,4242,0.029613,1.0,148.4,1,"EXT_W_N11_in,SRC_R2_CD_N14",2,0,6.28e-05
239,4,360,-630.8522,14.9,4.7,4125,0.004709,0.6,146.6,0,,0,0,6.24e-05
240,8,360,-624.704,14.54,4.98,3981,0.004258,0.2,132.9,0,,0,0,6.21e-05
241,2,360,-588.8455,18.31,5.83,4268,0.001902,0.8,138.6,0,,0,0,6.18e-05
242,9,360,-874.0671,19.58,4.88,5068,0.00305,0.1,133.2,1,SRC_V5S_N09,1,0,6.14e-05
243,7,360,-506.2231,12.59,3.38,3999,0.003132,0.3,127.0,0,,0,0,6.11e-05
244,5,360,-677.2617,20.17,2.52,3766,0.006437,0.5,129.1,1,"EXT_N_N06_in,SRC_V4N_N08,EXT_E_N10_in",3,0,6.07e-05
245,6,360,-520.4135,16.77,4.0,4139,0.002011,0.4,127.7,0,,0,0,6.04e-05
246,3,360,-609.1938,17.82,4.88,4260,0.002747,0.7,137.2,0,,0,0,6.01e-05
247,0,360,-521.7483,19.55,3.08,4444,0.028099,1.0,124.3,0,,0,0,5.97e-05
248,1,360,-542.6101,16.06,7.76,4490,0.002949,0.9,131.7,0,,0,0,5.94e-05
249,8,360,-564.5359,13.77,4.77,4099,0.00384,0.2,132.9,0,,0,0,5.9e-05
250,4,360,-624.821,15.54,4.17,4161,0.004118,0.6,137.7,0,,0,0,5.87e-05
251,2,360,-633.0213,15.92,5.02,4330,0.002594,0.8,133.7,0,,0,0,5.83e-05
252,9,360,-609.72,15.3,3.74,4057,0.003884,0.1,136.3,0,,0,0,5.8e-05
253,7,360,-558.1709,14.57,3.33,3912,0.002579,0.3,140.2,0,,0,0,5.76e-05
254,3,360,-512.6388,15.82,4.59,4354,0.00271,0.7,129.9,0,,0,0,5.73e-05
255,5,360,-634.594,14.5,3.6,3935,0.030309,0.5,138.2,0,,0,0,5.7e-05
256,6,360,-562.2887,15.52,3.62,4042,0.003911,0.4,134.1,0,,0,0,5.66e-05
257,0,360,-574.4396,16.83,5.95,4416,0.003196,1.0,128.3,1,SRC_V5N_N05,1,0,5.63e-05
258,1,360,-590.5994,17.22,7.79,4384,0.003437,0.9,134.3,0,,0,0,5.59e-05
259,8,360,-601.2743,15.8,2.45,3890,0.004029,0.2,132.9,0,,0,0,5.56e-05
260,4,360,-1022.4467,11.79,3.93,3837,0.003336,0.6,142.1,1,"SRC_V2_N02,SRC_V2_N12",2,0,5.52e-05
261,2,360,-534.0265,15.86,4.31,3971,0.003611,0.8,105.8,1,"EXT_S_N14_in,SRC_RM_CD_N10,EXT_E_N15_in",3,0,5.49e-05
262,9,360,-758.8479,14.94,5.86,3491,0.004343,0.1,140.1,1,"SRC_R1_AB_N02,SRC_RM_BC_N08,SRC_R1_BC_N03",3,0,5.45e-05
263,5,360,-556.3704,15.36,3.62,4154,0.006294,0.5,136.0,0,,0,0,5.42e-05
264,6,360,-587.1565,15.09,5.92,4069,0.029304,0.4,134.3,0,,0,0,5.38e-05
265,3,360,-530.2181,12.6,4.33,4166,0.002527,0.7,141.4,0,,0,0,5.35e-05
266,7,360,-591.5998,11.63,3.5,3966,0.002845,0.3,143.7,0,,0,0,5.31e-05
267,0,360,-1193.8685,14.46,7.39,4321,0.002904,1.0,143.0,1,"SRC_R2_DE_N15,SRC_RM_AB_N08,SRC_R1_CD_N04",3,0,5.28e-05
268,1,360,-659.2104,17.2,4.09,4232,0.005862,0.9,139.0,0,,0,0,5.24e-05
269,9,360,-246.2021,43.3,1.09,1254,0.006126,0.1,23.8,0,,0,0,5.21e-05
270,8,360,-538.1401,13.75,4.12,3944,0.002617,0.2,137.1,0,,0,0,5.17e-05
271,4,360,-538.5301,15.44,3.99,4096,0.003007,0.6,135.1,0,,0,0,5.14e-05
272,2,360,-601.9601,13.07,4.06,4422,0.003738,0.8,133.5,0,,0,0,5.1e-05
273,6,360,-539.0921,15.55,6.47,4537,0.00353,0.4,124.2,0,,0,0,5.07e-05
274,3,360,-569.3663,17.13,3.89,4213,0.002362,0.7,129.7,0,,0,0,5.03e-05
275,5,360,-824.656,12.34,6.01,3908,0.003581,0.5,138.4,1,"SRC_V1_N11,SRC_V5N_N05",2,0,5e-05
276,7,360,-604.4861,14.13,4.44,4244,0.003014,0.3,133.1,0,,0,0,4.97e-05
277,0,360,-620.3959,17.16,4.92,4581,0.028161,1.0,129.2,0,,0,0,4.93e-05
278,9,360,-527.6908,15.18,3.75,4119,0.003159,0.1,126.3,0,,0,0,4.9e-05
279,1,360,-587.7336,20.46,3.87,4330,0.027828,0.9,135.9,0,,0,0,4.86e-05
280,3,360,-299.9557,38.35,1.03,1251,0.02905,0.7,23.6,0,,0,0,4.83e-05
281,5,360,-308.2325,44.68,0.98,1247,0.004201,0.5,24.4,0,,0,0,4.79e-05
282,8,360,-605.3982,15.71,3.16,4300,0.004633,0.2,129.1,0,,0,0,4.76e-05
283,4,360,-665.2052,17.09,7.21,3971,0.004224,0.6,124.8,1,"EXT_E_N06_in,SRC_V3S_N07",2,0,4.72e-05
284,2,360,-597.08,15.79,7.66,4297,0.021148,0.8,133.1,0,,0,0,4.69e-05
285,8,360,-281.8556,42.3,1.27,1254,0.004592,0.2,23.7,0,,0,0,4.65e-05
286,6,360,-603.8176,15.82,5.07,4329,0.02784,0.4,128.4,0,,0,0,4.62e-05
287,7,360,-559.5687,14.6,6.2,4108,0.004514,0.3,128.9,1,"SRC_R2_AB_N11,SRC_V3N_N07",2,0,4.58e-05
288,0,360,-662.8065,15.42,4.62,4370,0.004143,1.0,136.2,0,,0,0,4.55e-05
289,9,360,-617.0097,16.1,3.13,4434,0.003645,0.1,131.9,0,,0,0,4.51e-05
290,3,360,-548.2011,17.98,4.84,4281,0.040981,0.7,130.3,0,,0,0,4.48e-05
291,1,360,-884.0725,13.63,8.64,4098,0.003289,0.9,136.0,1,"SRC_RM_AB_N07,SRC_V4S_N14,SRC_R1_EF_N05",3,0,4.44e-05
292,5,360,-568.4908,15.48,4.96,4333,0.004122,0.5,135.0,0,,0,0,4.41e-05
293,4,360,-524.9726,18.6,2.86,4401,0.003529,0.6,126.1,0,,0,0,4.37e-05
294,8,360,-597.2218,19.02,3.48,4730,0.002538,0.2,118.7,0,,0,0,4.34e-05
295,2,360,-631.1259,15.0,3.9,4369,0.002456,0.8,138.7,0,,0,0,4.3e-05
296,6,360,-590.5066,16.52,3.72,4089,0.004008,0.4,136.7,0,,0,0,4.27e-05
297,7,360,-538.5022,15.59,3.27,4563,0.003136,0.3,131.2,0,,0,0,4.24e-05
298,9,360,-544.4318,15.55,4.85,4093,0.005142,0.1,122.2,1,"EXT_N_N04_in,SRC_R1_DE_N05",2,0,4.2e-05
299,0,360,-553.7706,15.57,5.59,4626,0.007838,1.0,130.2,0,,0,0,4.17e-05
300,3,360,-547.508,14.3,5.0,4238,0.02741,0.7,128.0,0,,0,0,4.13e-05
301,1,360,-649.0482,19.0,3.93,4388,0.003091,0.9,135.2,1,"SRC_RM_CD_N09,EXT_S_N10_in",2,0,4.1e-05
302,5,360,-571.0995,18.45,3.86,4414,0.004038,0.5,135.9,0,,0,0,4.06e-05
303,4,360,-521.986,14.37,3.6,4206,0.00291,0.6,126.3,0,,0,0,4.03e-05
304,8,360,-497.7728,14.42,4.5,4207,0.00398,0.2,133.3,0,,0,0,3.99e-05
305,2,360,-618.6853,17.42,3.38,4329,0.003528,0.8,138.6,0,,0,0,3.96e-05
306,9,360,-949.0148,15.56,4.76,3900,0.003488,0.1,122.3,1,"EXT_S_N14_in,SRC_R2_BC_N12,SRC_R2_CD_N14",3,0,3.93e-05
307,6,360,-608.7338,16.53,4.99,4267,0.032871,0.4,139.4,0,,0,0,3.89e-05
308,7,360,-603.6858,15.2,3.81,4214,0.003524,0.3,138.8,0,,0,0,3.86e-05
309,0,360,-585.9648,17.73,4.93,4480,0.003868,1.0,135.0,0,,0,0,3.82e-05
310,3,360,-619.4465,16.28,5.35,4403,0.00367,0.7,130.0,1,SRC_R1_DE_N05,1,0,3.79e-05
311,1,360,-500.0808,14.77,4.69,4379,0.003067,0.9,133.4,0,,0,0,3.76e-05
312,5,360,-676.7924,16.62,3.54,4147,0.004026,0.5,137.9,0,,0,0,3.72e-05
313,4,360,-629.0067,14.66,4.25,4057,0.002583,0.6,132.1,0,,0,0,3.69e-05
314,8,360,-579.9028,14.97,3.43,4085,0.00265,0.2,144.1,0,,0,0,3.66e-05
315,2,360,-549.1166,15.22,5.1,4455,0.00351,0.8,123.5,0,,0,0,3.62e-05
316,9,360,-614.088,12.8,4.09,3996,0.003624,0.1,140.8,0,,0,0,3.59e-05
317,6,360,-503.3223,16.15,5.55,4442,0.003414,0.4,135.6,0,,0,0,3.55e-05
318,0,360,-550.0198,14.73,6.1,4417,0.003312,1.0,124.7,1,EXT_N_N05_in,1,0,3.52e-05
319,7,360,-586.8087,17.63,4.0,4404,0.004206,0.3,137.3,0,,0,0,3.49e-05
320,3,360,-1000.24,13.13,9.48,4039,0.029163,0.7,146.8,1,"SRC_R2_CD_N14,SRC_V1_N01",2,0,3.45e-05
321,1,360,-583.2315,16.38,5.09,4449,0.003529,0.9,136.3,0,,0,0,3.42e-05
322,4,360,-508.8586,16.53,4.89,4493,0.004188,0.6,125.0,0,,0,0,3.39e-05
323,5,360,-685.0616,16.08,4.77,4177,0.002928,0.5,142.3,0,,0,0,3.36e-05
324,1,360,-269.0131,39.62,3.31,1252,0.002153,0.9,23.8,0,,0,0,3.32e-05
325,2,360,-512.4329,19.34,3.83,4668,0.028774,0.8,123.2,0,,0,0,3.29e-05
326,8,360,-600.0877,17.37,7.84,4467,0.003698,0.2,128.9,0,,0,0,3.26e-05
327,9,360,-517.2111,18.23,5.43,4421,0.003325,0.1,121.7,0,,0,0,3.22e-05
328,6,360,-708.5249,15.91,8.14,4270,0.00259,0.4,136.3,0,,0,0,3.19e-05
329,7,360,-555.1745,17.16,4.6,4930,0.003483,0.3,127.2,0,,0,0,3.16e-05
330,0,360,-643.9455,13.49,6.72,4208,0.025246,1.0,136.9,1,EXT_N_N04_in,1,0,3.13e-05
331,3,360,-520.0444,18.51,5.39,4426,0.003224,0.7,132.0,0,,0,0,3.09e-05
332,4,360,-537.5914,16.71,4.45,4567,0.004096,0.6,133.5,0,,0,0,3.06e-05
333,1,360,-570.3936,17.64,3.37,4451,0.00205,0.9,122.1,0,,0,0,3.03e-05
334,5,360,-562.8002,17.98,5.24,4561,0.002577,0.5,130.9,0,,0,0,3e-05
335,4,360,-298.383,35.25,4.92,1252,0.026264,0.6,21.8,0,,0,0,2.97e-05
336,8,360,-606.3559,15.66,4.6,4843,0.002855,0.2,125.1,0,,0,0,2.93e-05
337,2,360,-600.2336,18.21,5.01,4372,0.003298,0.8,138.0,0,,0,0,2.9e-05
338,7,360,-540.5523,17.21,3.56,4461,0.001974,0.3,141.1,0,,0,0,2.87e-05
339,0,360,-585.0554,16.69,6.57,4532,0.026125,1.0,141.2,0,,0,0,2.84e-05
340,6,360,-588.7325,15.37,4.45,4400,0.002057,0.4,146.2,0,,0,0,2.81e-05
341,5,360,-555.7605,16.07,7.29,4414,0.024991,0.5,117.6,0,,0,0,2.78e-05
342,3,360,-848.4927,14.28,3.61,4089,0.055026,0.7,137.1,1,"SRC_R1_BC_N03,SRC_V6_N06",2,0,2.75e-05
343,9,360,-1550.097,7.9,10.42,3785,0.002279,0.1,178.0,1,"SRC_R1_CD_N04,SRC_R1_AB_N01",2,0,2.71e-05
344,1,360,-560.9881,19.04,4.34,4337,0.002811,0.9,128.1,1,SRC_V5S_N09,1,0,2.68e-05
345,4,360,-589.4164,17.39,4.13,4225,0.002842,0.6,126.3,0,,0,0,2.65e-05
346,8,360,-590.5976,18.1,5.3,4118,0.002878,0.2,127.6,1,"SRC_V3S_N13,EXT_W_N01_in",2,0,2.62e-05
347,2,360,-1160.1442,12.84,11.89,4101,0.001802,0.8,133.6,1,"SRC_RM_CD_N10,SRC_R2_DE_N15,EXT_S_N10_in",3,0,2.59e-05
348,8,360,-265.9764,39.37,2.83,1249,0.018977,0.2,23.1,0,,0,0,2.56e-05
349,0,360,-661.453,17.29,3.66,4412,0.0028,1.0,126.1,0,,0,0,2.53e-05
350,6,360,-502.834,15.83,3.28,4288,0.027062,0.4,129.2,0,,0,0,2.5e-05
351,3,360,-582.6827,13.79,4.21,4220,0.003842,0.7,125.0,0,,0,0,2.47e-05
352,7,360,-1169.6803,14.99,5.2,3987,0.025844,0.3,144.0,1,"EXT_N_N04_in,SRC_RM_BC_N08,SRC_R1_DE_N04",3,0,2.44e-05
353,5,360,-590.158,15.57,5.15,4326,0.049704,0.5,137.4,0,,0,0,2.41e-05
354,9,360,-631.9959,18.63,8.03,4682,0.005458,0.1,138.1,0,,0,0,2.38e-05
355,1,360,-555.4808,13.81,8.53,4474,0.002126,0.9,133.9,0,,0,0,2.35e-05
356,4,360,-552.9686,19.14,3.15,4319,0.002946,0.6,136.8,0,,0,0,2.32e-05
357,2,360,-558.1246,16.95,6.01,4477,0.002625,0.8,129.4,0,,0,0,2.29e-05
358,8,360,-818.3665,14.38,5.58,3894,0.003994,0.2,146.6,1,"SRC_V6_N06,EXT_N_N06_in",2,0,2.26e-05
359,6,360,-595.6153,15.08,5.47,3915,0.029006,0.4,113.3,1,"SRC_R1_EF_N05,EXT_W_N11_in,EXT_S_N15_in",3,0,2.23e-05
360,0,360,-655.536,18.63,4.62,4448,0.002335,1.0,137.7,0,,0,0,2.2e-05
361,7,360,-543.368,15.88,3.15,4478,0.002751,0.3,136.8,0,,0,0,2.18e-05
362,3,360,-636.1974,15.93,4.03,4136,0.003515,0.7,139.6,1,"SRC_V4S_N08,SRC_V5N_N05",2,0,2.15e-05
363,9,360,-517.0498,15.95,3.42,4465,0.003413,0.1,131.7,0,,0,0,2.12e-05
364,1,360,-538.7301,15.49,3.62,4545,0.00281,0.9,134.6,0,,0,0,2.09e-05
365,5,360,-600.523,18.08,5.18,4254,0.002981,0.5,145.7,0,,0,0,2.06e-05
366,4,360,-520.6924,16.71,5.94,4481,0.002729,0.6,124.0,0,,0,0,2.03e-05
367,1,360,-273.6198,46.12,0.48,1251,0.002471,0.9,22.6,0,,0,0,2e-05
368,2,360,-714.7067,12.69,3.82,4232,0.003304,0.8,150.5,0,,0,0,1.98e-05
369,8,360,-661.9659,15.64,3.99,4434,0.002148,0.2,125.1,1,"SRC_R2_AB_N11,EXT_E_N10_in",2,0,1.95e-05
370,6,360,-530.302,15.55,3.64,4363,0.005461,0.4,124.4,0,,0,0,1.92e-05
371,0,360,-588.5713,17.11,5.08,4547,0.00363,1.0,140.6,0,,0,0,1.89e-05
372,7,360,-512.0603,16.46,3.31,4348,0.003375,0.3,133.2,1,"SRC_RM_CD_N09,SRC_RM_BC_N08",2,0,1.87e-05
373,9,360,-514.6483,14.86,2.89,4638,0.002495,0.1,136.7,0,,0,0,1.84e-05
374,4,360,-519.4167,18.02,5.35,4536,0.002961,0.6,126.4,0,,0,0,1.81e-05
375,3,360,-655.6821,16.32,3.48,4211,0.02423,0.7,150.8,0,,0,0,1.79e-05
376,5,360,-489.6336,16.61,4.45,4269,0.003173,0.5,142.5,0,,0,0,1.76e-05
377,1,360,-649.5217,17.26,6.02,4311,0.002463,0.9,142.9,1,"SRC_R1_EF_N05,SRC_V5S_N09",2,0,1.73e-05
378,2,360,-528.8233,18.57,4.49,4252,0.002026,0.8,139.1,0,,0,0,1.71e-05
379,1,360,-302.2644,36.72,2.01,1240,0.002082,0.9,24.1,0,,0,0,1.68e-05
380,8,360,-550.2171,14.95,5.53,4047,0.002384,0.2,151.8,0,,0,0,1.65e-05
381,6,360,-776.1599,16.81,8.89,4277,0.003453,0.4,134.5,1,EXT_E_N10_in,1,0,1.63e-05
382,0,360,-564.7771,17.64,3.13,4497,0.002322,1.0,121.3,0,,0,0,1.6e-05
383,7,360,-584.3571,15.38,3.32,3969,0.003231,0.3,139.0,0,,0,0,1.58e-05
384,3,360,-538.5856,13.89,4.29,4390,0.004146,0.7,124.1,0,,0,0,1.55e-05
385,4,360,-531.0626,16.67,3.03,4273,0.002573,0.6,132.2,0,,0,0,1.53e-05
386,9,360,-555.598,14.19,4.26,4043,0.026185,0.1,140.6,0,,0,0,1.5e-05
387,5,360,-552.7087,15.58,3.91,4183,0.003188,0.5,131.5,0,,0,0,1.48e-05
388,2,360,-534.6166,17.72,3.67,4405,0.002762,0.8,130.4,0,,0,0,1.45e-05
389,1,360,-531.3895,17.03,4.96,4419,0.003291,0.9,126.5,0,,0,0,1.43e-05
390,8,360,-603.686,14.24,4.09,3819,0.026413,0.2,135.6,0,,0,0,1.4e-05
391,6,360,-591.4003,14.15,3.08,4125,0.004436,0.4,134.9,0,,0,0,1.38e-05
392,0,360,-618.779,18.49,3.09,4461,0.026994,1.0,130.4,0,,0,0,1.36e-05
393,3,360,-501.5243,19.07,2.61,4451,0.002483,0.7,125.0,0,,0,0,1.33e-05
394,9,360,-545.8546,15.88,3.5,4145,0.004821,0.1,125.7,1,"SRC_V4N_N08,EXT_N_N05_in",2,0,1.31e-05
395,7,360,-632.3018,14.04,3.27,3820,0.003955,0.3,140.8,1,SRC_R2_AB_N11,1,0,1.28e-05
396,4,360,-685.9375,14.99,5.66,4063,0.026277,0.6,142.9,0,,0,0,1.26e-05
397,5,360,-530.7459,15.62,3.8,4076,0.0025,0.5,131.3,0,,0,0,1.24e-05
398,1,360,-567.478,17.39,3.64,4376,0.00372,0.9,127.3,1,EXT_N_N05_in,1,0,1.22e-05
399,2,360,-643.1724,15.09,4.91,4256,0.004484,0.8,136.6,0,,0,0,1.19e-05
400,8,360,-523.0624,16.66,4.16,4466,0.003519,0.2,128.1,0,,0,0,1.17e-05
401,6,360,-496.7464,17.91,2.5,4464,0.029447,0.4,127.3,0,,0,0,1.15e-05
402,0,360,-581.688,16.21,4.86,4576,0.002235,1.0,131.1,0,,0,0,1.13e-05
403,3,360,-623.8651,13.64,6.79,4245,0.002906,0.7,138.9,0,,0,0,1.1e-05
404,9,360,-510.2373,15.5,5.33,4236,0.002699,0.1,133.9,0,,0,0,1.08e-05
405,7,360,-548.9031,15.58,4.09,4238,0.051515,0.3,135.6,0,,0,0,1.06e-05
406,4,360,-550.9206,17.38,2.62,4339,0.004444,0.6,134.6,0,,0,0,1.04e-05
407,5,360,-531.2456,16.19,3.7,4285,0.003404,0.5,135.3,0,,0,0,1.02e-05
408,1,360,-570.4102,17.7,6.06,4472,0.003008,0.9,124.4,0,,0,0,1e-05
409,8,360,-809.126,17.87,9.62,3933,0.002501,0.2,122.7,1,"SRC_R2_DE_N15,EXT_N_N04_in,EXT_E_N06_in",3,0,9.8e-06
410,2,360,-589.2119,14.66,3.7,4260,0.002141,0.8,132.7,0,,0,0,9.5e-06
411,6,360,-601.9822,11.77,4.58,3926,0.00197,0.4,134.8,0,,0,0,9.3e-06
412,0,360,-638.7214,15.76,5.14,4525,0.002277,1.0,133.8,0,,0,0,9.1e-06
413,6,360,-310.1229,43.21,1.59,1247,0.003941,0.4,24.0,0,,0,0,8.9e-06
414,9,360,-521.6877,15.45,3.02,4338,0.001752,0.1,124.9,0,,0,0,8.7e-06
415,3,360,-642.1197,17.3,4.87,4481,0.002357,0.7,135.0,1,"SRC_RM_AB_N07,EXT_S_N11_in",2,0,8.5e-06
416,7,360,-534.9155,14.71,3.19,4041,0.024503,0.3,132.0,0,,0,0,8.4e-06
417,4,360,-579.1531,15.58,4.92,4196,0.002186,0.6,135.6,0,,0,0,8.2e-06
418,5,360,-553.8428,17.2,3.69,4123,0.03625,0.5,132.2,0,,0,0,8e-06
419,1,360,-558.2739,17.0,3.78,4609,0.003119,0.9,126.0,0,,0,0,7.8e-06
420,2,360,-594.2706,15.17,5.19,4289,0.002386,0.8,125.4,1,"EXT_E_N10_in,SRC_V3S_N13",2,0,7.6e-06
421,8,360,-544.7653,13.33,5.07,3833,0.002288,0.2,136.2,0,,0,0,7.4e-06
422,6,360,-517.9048,15.0,3.39,4082,0.001748,0.4,130.5,0,,0,0,7.2e-06
423,0,360,-667.0923,19.32,5.27,4552,0.002014,1.0,137.2,1,"SRC_V5N_N05,SRC_RM_CD_N10",2,0,7.1e-06
424,9,360,-597.76,16.39,2.81,3845,0.002401,0.1,121.4,1,"EXT_W_N11_in,SRC_V5N_N05",2,0,6.9e-06
425,0,360,-300.6759,39.45,1.02,1246,0.00308,1.0,23.6,0,,0,0,6.7e-06
426,3,360,-636.7159,16.06,4.94,4220,0.003059,0.7,140.6,0,,0,0,6.5e-06
427,5,360,-447.6187,16.92,4.5,4099,0.002171,0.5,126.4,1,EXT_N_N05_in,1,0,6.4e-06
428,7,360,-595.6396,12.85,4.78,3781,0.003507,0.3,140.4,0,,0,0,6.2e-06
429,2,360,-609.5189,18.22,4.43,3920,0.00188,0.8,108.4,1,"SRC_R2_CD_N14,SRC_V5S_N09,EXT_W_N01_in",3,0,6e-06
430,4,360,-603.407,14.26,6.33,4007,0.002301,0.6,141.1,0,,0,0,5.9e-06
431,5,360,-291.5034,41.94,1.37,1257,0.023853,0.5,23.6,0,,0,0,5.7e-06
432,1,360,-676.6684,16.45,5.47,4465,0.023115,0.9,136.9,0,,0,0,5.5e-06
433,8,360,-576.3969,15.07,3.31,3974,0.002209,0.2,136.6,0,,0,0,5.4e-06
434,6,360,-661.7249,13.43,9.36,3562,0.023159,0.4,129.4,1,"SRC_R1_AB_N02,EXT_E_N06_in,SRC_R1_BC_N02",3,0,5.2e-06
435,9,360,-909.1967,11.22,5.09,3516,0.002906,0.1,142.9,1,"SRC_V2_N02,SRC_V6_N06,EXT_S_N15_in",3,0,5.1e-06
436,0,360,-1088.7861,14.84,7.77,4158,0.002418,1.0,139.3,1,"SRC_R2_BC_N12,SRC_R2_BC_N13",2,0,4.9e-06
437,3,360,-669.2864,16.45,3.03,4196,0.02867,0.7,128.5,1,"SRC_R2_CD_N13,SRC_V2_N12,SRC_RM_AB_N07",3,0,4.8e-06
438,2,360,-504.0625,18.24,3.1,4365,0.00245,0.8,123.4,0,,0,0,4.6e-06
439,7,360,-804.2692,13.03,5.05,3850,0.003632,0.3,137.9,1,SRC_V5S_N15,1,0,4.5e-06
440,1,360,-568.8061,18.78,4.12,4468,0.024096,0.9,122.9,0,,0,0,4.3e-06
441,4,360,-1360.3982,11.42,5.59,3534,0.001971,0.6,150.2,1,"SRC_V5S_N15,SRC_R2_AB_N11,SRC_V6_N10",3,0,4.2e-06
442,5,360,-1144.1418,15.81,4.32,4009,0.003388,0.5,142.8,1,SRC_V3S_N13,1,0,4e-06
443,8,360,-553.0516,13.09,2.9,3782,0.002668,0.2,143.7,0,,0,0,3.9e-06
444,6,360,-539.4322,13.27,3.46,3961,0.004234,0.4,140.7,0,,0,0,3.8e-06
445,9,360,-943.5438,12.46,4.06,3651,0.002624,0.1,129.2,1,SRC_V2_N02,1,0,3.6e-06
446,3,360,-807.5691,12.78,5.81,3868,0.004475,0.7,129.5,0,,0,0,3.5e-06
447,1,360,-574.713,18.44,4.28,4359,0.002616,0.9,114.4,0,,0,0,3.4e-06
448,0,360,-647.7996,14.78,3.71,4389,0.026431,1.0,144.7,1,"SRC_V1_N11,SRC_RM_AB_N07",2,0,3.3e-06
449,2,360,-627.0108,16.11,5.6,4271,0.027692,0.8,145.6,0,,0,0,3.1e-06
450,7,360,-621.6288,11.83,5.07,3824,0.002428,0.3,145.6,0,,0,0,3e-06
451,5,360,-608.1531,14.74,4.11,4002,0.003168,0.5,151.1,0,,0,0,2.9e-06
452,4,360,-615.7837,14.5,3.51,4035,0.003665,0.6,153.9,0,,0,0,2.8e-06
453,8,360,-655.8193,13.67,3.38,3890,0.002411,0.2,143.6,0,,0,0,2.7e-06
454,6,360,-562.8617,14.69,4.53,3895,0.001969,0.4,131.8,0,,0,0,2.6e-06
455,3,360,-509.0726,18.27,3.2,4179,0.003737,0.7,119.7,0,,0,0,2.4e-06
456,9,360,-638.4012,14.21,2.56,3808,0.003257,0.1,134.3,0,,0,0,2.3e-06
457,1,360,-1017.344,15.63,10.28,3904,0.003281,0.9,127.1,1,"SRC_V3N_N03,EXT_E_N06_in,SRC_R1_EF_N06",3,0,2.2e-06
458,0,360,-633.181,18.77,3.91,4365,0.003067,1.0,131.2,0,,0,0,2.1e-06
459,7,360,-560.2815,13.55,3.42,3841,0.002587,0.3,123.2,1,"SRC_R1_BC_N03,SRC_V4S_N08",2,0,2e-06
460,4,360,-558.4018,16.26,3.47,4282,0.003709,0.6,114.3,0,,0,0,1.9e-06
461,8,360,-543.6785,13.19,3.84,3783,0.002628,0.2,126.7,0,,0,0,1.8e-06
462,6,360,-565.3147,14.84,3.34,3976,0.025929,0.4,115.2,0,,0,0,1.7e-06
463,9,360,-488.8668,14.23,2.96,3902,0.026597,0.1,125.7,0,,0,0,1.7e-06
464,1,360,-618.3089,15.54,3.91,4209,0.001825,0.9,121.9,0,,0,0,1.6e-06
465,0,360,-696.4818,17.75,4.81,4290,0.003682,1.0,119.9,1,SRC_V3N_N07,1,0,1.5e-06
466,7,360,-533.0148,15.79,3.73,4037,0.003081,0.3,114.6,0,,0,0,1.4e-06
467,4,360,-565.5462,15.8,2.69,4117,0.026278,0.6,117.3,0,,0,0,1.3e-06
468,8,360,-550.7063,15.58,2.76,3887,0.002384,0.2,121.9,0,,0,0,1.2e-06
469,6,360,-546.48,14.34,6.01,3868,0.003142,0.4,120.8,0,,0,0,1.2e-06
470,9,360,-623.2852,14.15,3.75,3732,0.00359,0.1,118.3,1,"SRC_R1_EF_N05,SRC_R1_CD_N04",2,0,1.1e-06
471,1,360,-715.317,15.53,8.8,4190,0.0287,0.9,115.7,1,"EXT_S_N14_in,SRC_R2_BC_N13",2,0,1e-06
472,0,360,-977.1164,15.55,4.1,4184,0.002755,1.0,122.5,1,"SRC_RM_CD_N10,SRC_R2_BC_N12,SRC_R2_AB_N11",3,0,1e-06
473,7,360,-553.4119,12.84,4.04,3921,0.006103,0.3,121.5,0,,0,0,1e-06
474,4,360,-519.6666,15.69,3.2,4150,0.002669,0.6,114.8,0,,0,0,1e-06
475,6,360,-523.4061,14.93,4.68,3884,0.005596,0.4,114.6,0,,0,0,1e-06
476,8,360,-575.472,14.86,3.23,3753,0.001723,0.2,123.1,0,,0,0,1e-06
477,9,360,-612.5075,14.18,2.84,3571,0.002561,0.1,118.1,1,"SRC_V6_N06,SRC_V6_N10",2,0,1e-06
478,1,360,-658.9263,15.58,3.61,4229,0.003058,0.9,118.4,0,,0,0,1e-06
479,7,360,-639.5412,11.94,7.86,3729,0.022058,0.3,117.8,0,,0,0,1e-06
480,4,360,-559.9308,17.93,4.16,3983,0.002778,0.6,108.5,1,EXT_W_N11_in,1,0,1e-06
481,6,360,-759.1761,16.79,2.97,3837,0.00433,0.4,112.8,1,"SRC_V6_N06,SRC_R1_BC_N03,EXT_E_N10_in",3,0,1e-06
482,8,360,-658.8028,13.2,3.43,3740,0.002951,0.2,111.9,0,,0,0,1e-06
483,9,360,-555.204,14.4,4.21,3791,0.002748,0.1,117.4,0,,0,0,1e-06
484,7,360,-540.966,14.4,5.58,3918,0.02486,0.3,110.8,0,,0,0,1e-06
485,4,360,-576.4834,16.34,3.39,4029,0.002364,0.6,111.8,0,,0,0,1e-06
486,7,360,-284.4942,40.62,3.26,1247,0.002548,0.3,20.4,0,,0,0,1e-06
487,4,360,-317.4195,41.1,1.3,1251,0.001985,0.6,20.4,0,,0,0,1e-06
488,4,360,-313.3083,43.26,1.52,1258,0.002042,0.6,21.5,0,,0,0,1e-06
489,8,360,-584.9248,14.58,4.11,3883,0.025038,0.2,113.8,0,,0,0,1e-06
490,6,360,-516.0593,14.96,3.73,4070,0.002945,0.4,116.4,0,,0,0,1e-06
491,9,360,-583.1641,14.68,3.05,3581,0.048886,0.1,107.2,1,"SRC_V1_N01,EXT_N_N06_in,SRC_R1_BC_N02",3,0,1e-06
492,7,360,-647.2201,12.58,4.29,3748,0.028562,0.3,115.7,0,,0,0,1e-06
493,8,360,-484.0584,17.15,7.62,4299,0.00287,0.2,90.4,1,EXT_E_N15_in,1,0,1e-06
494,6,360,-676.6703,16.83,5.49,3868,0.002548,0.4,108.9,0,,0,0,1e-06
495,9,360,-458.8193,14.95,3.59,4124,0.004226,0.1,99.4,0,,0,0,1e-06
496,7,360,-564.1357,14.79,3.09,3945,0.002744,0.3,99.0,0,,0,0,1e-06
497,6,360,-520.8768,13.94,5.38,4010,0.004606,0.4,96.1,0,,0,0,1e-06
498,9,360,-562.4535,13.7,3.23,3831,0.02371,0.1,94.1,0,,0,0,1e-06
499,7,360,-462.9678,15.06,3.58,4318,0.002636,0.3,85.2,0,,0,0,1e-06
500,9,360,-727.031,15.38,9.28,3975,0.002625,0.1,76.6,1,"SRC_V2_N12,SRC_R2_AB_N12,EXT_E_N10_in",3,1,1e-06
